Path_Collector,Full_Path,Filename,Filename_Collector,Plant_ID,Position,Part_Observed,Filename_Timestamp_ms,Filename_DateTime,EXIF_DateTime,EXIF_Camera_Make,EXIF_Camera_Model,EXIF_Latitude,EXIF_Longitude,Parsing_Pattern
achyut,C:\Users\Ruchit\Desktop\Code\2025\eIPL\Dataset\Custurd Apple Images-20251105T045712Z-1-001\Custurd Apple Images\achyut\172\Achyut1408_2_lower_flower_1762069388787.jpeg,Achyut1408_2_lower_flower_1762069388787.jpeg,Achyut1408,2,lower,flower,1.76207E+12,02-11-2025 13:13,,,,,,Pattern 1 (5 parts)
achyut,C:\Users\Ruchit\Desktop\Code\2025\eIPL\Dataset\Custurd Apple Images-20251105T045712Z-1-001\Custurd Apple Images\achyut\172\Achyut1408_2_lower_flower_1762069462939.jpeg,Achyut1408_2_lower_flower_1762069462939.jpeg,Achyut1408,2,lower,flower,1.76207E+12,02-11-2025 13:14,,,,,,Pattern 1 (5 parts)
achyut,C:\Users\Ruchit\Desktop\Code\2025\eIPL\Dataset\Custurd Apple Images-20251105T045712Z-1-001\Custurd Apple Images\achyut\172\Achyut1408_2_lower_flower_1762069513931.jpeg,Achyut1408_2_lower_flower_1762069513931.jpeg,Achyut1408,2,lower,flower,1.76207E+12,02-11-2025 13:15,,,,,,Pattern 1 (5 parts)
achyut,C:\Users\Ruchit\Desktop\Code\2025\eIPL\Dataset\Custurd Apple Images-20251105T045712Z-1-001\Custurd Apple Images\achyut\172\Achyut1408_2_lower_flower_1762070100871.jpeg,Achyut1408_2_lower_flower_1762070100871.jpeg,Achyut1408,2,lower,flower,1.76207E+12,02-11-2025 13:25,,,,,,Pattern 1 (5 parts)
achyut,C:\Users\Ruchit\Desktop\Code\2025\eIPL\Dataset\Custurd Apple Images-20251105T045712Z-1-001\Custurd Apple Images\achyut\172\Achyut1408_2_lower_flower_1762070543789.jpeg,Achyut1408_2_lower_flower_1762070543789.jpeg,Achyut1408,2,lower,flower,1.76207E+12,02-11-2025 13:32,,,,,,Pattern 1 (5 parts)
achyut,C:\Users\Ruchit\Desktop\Code\2025\eIPL\Dataset\Custurd Apple Images-20251105T045712Z-1-001\Custurd Apple Images\achyut\172\Achyut1408_2_lower_flower_1762070897990.jpeg,Achyut1408_2_lower_flower_1762070897990.jpeg,Achyut1408,2,lower,flower,1.76207E+12,02-11-2025 13:38,,,,,,Pattern 1 (5 parts)
achyut,C:\Users\Ruchit\Desktop\Code\2025\eIPL\Dataset\Custurd Apple Images-20251105T045712Z-1-001\Custurd Apple Images\achyut\172\Achyut1408_2_lower_flower_1762071186606.jpeg,Achyut1408_2_lower_flower_1762071186606.jpeg,Achyut1408,2,lower,flower,1.76207E+12,02-11-2025 13:43,,,,,,Pattern 1 (5 parts)
achyut,C:\Users\Ruchit\Desktop\Code\2025\eIPL\Dataset\Custurd Apple Images-20251105T045712Z-1-001\Custurd Apple Images\achyut\172\Achyut1408_2_lower_flower_1762074229928.jpeg,Achyut1408_2_lower_flower_1762074229928.jpeg,Achyut1408,2,lower,flower,1.76207E+12,02-11-2025 14:33,,,,,,Pattern 1 (5 parts)
achyut,C:\Users\Ruchit\Desktop\Code\2025\eIPL\Dataset\Custurd Apple Images-20251105T045712Z-1-001\Custurd Apple Images\achyut\172\Achyut1408_2_lower_flower_1762074899763.jpeg,Achyut1408_2_lower_flower_1762074899763.jpeg,Achyut1408,2,lower,flower,1.76207E+12,02-11-2025 14:44,,,,,,Pattern 1 (5 parts)
achyut,C:\Users\Ruchit\Desktop\Code\2025\eIPL\Dataset\Custurd Apple Images-20251105T045712Z-1-001\Custurd Apple Images\achyut\172\Achyut1408_2_lower_flower_1762075168169.jpeg,Achyut1408_2_lower_flower_1762075168169.jpeg,Achyut1408,2,lower,flower,1.76208E+12,02-11-2025 14:49,,,,,,Pattern 1 (5 parts)
achyut,C:\Users\Ruchit\Desktop\Code\2025\eIPL\Dataset\Custurd Apple Images-20251105T045712Z-1-001\Custurd Apple Images\achyut\172\Achyut1408_2_lower_flower_1762075203446.jpeg,Achyut1408_2_lower_flower_1762075203446.jpeg,Achyut1408,2,lower,flower,1.76208E+12,02-11-2025 14:50,,,,,,Pattern 1 (5 parts)
achyut,C:\Users\Ruchit\Desktop\Code\2025\eIPL\Dataset\Custurd Apple Images-20251105T045712Z-1-001\Custurd Apple Images\achyut\172\Achyut1408_2_lower_flower_1762075229804.jpeg,Achyut1408_2_lower_flower_1762075229804.jpeg,Achyut1408,2,lower,flower,1.76208E+12,02-11-2025 14:50,,,,,,Pattern 1 (5 parts)
achyut,C:\Users\Ruchit\Desktop\Code\2025\eIPL\Dataset\Custurd Apple Images-20251105T045712Z-1-001\Custurd Apple Images\achyut\172\Achyut1408_2_lower_leaf_1762069726448.jpeg,Achyut1408_2_lower_leaf_1762069726448.jpeg,Achyut1408,2,lower,leaf,1.76207E+12,02-11-2025 13:18,,,,,,Pattern 1 (5 parts)
achyut,C:\Users\Ruchit\Desktop\Code\2025\eIPL\Dataset\Custurd Apple Images-20251105T045712Z-1-001\Custurd Apple Images\achyut\172\Achyut1408_2_lower_leaf_1762070066927.jpeg,Achyut1408_2_lower_leaf_1762070066927.jpeg,Achyut1408,2,lower,leaf,1.76207E+12,02-11-2025 13:24,,,,,,Pattern 1 (5 parts)
achyut,C:\Users\Ruchit\Desktop\Code\2025\eIPL\Dataset\Custurd Apple Images-20251105T045712Z-1-001\Custurd Apple Images\achyut\172\Achyut1408_2_lower_leaf_1762070135281.jpeg,Achyut1408_2_lower_leaf_1762070135281.jpeg,Achyut1408,2,lower,leaf,1.76207E+12,02-11-2025 13:25,,,,,,Pattern 1 (5 parts)
achyut,C:\Users\Ruchit\Desktop\Code\2025\eIPL\Dataset\Custurd Apple Images-20251105T045712Z-1-001\Custurd Apple Images\achyut\172\Achyut1408_2_lower_leaf_1762070652419.jpeg,Achyut1408_2_lower_leaf_1762070652419.jpeg,Achyut1408,2,lower,leaf,1.76207E+12,02-11-2025 13:34,,,,,,Pattern 1 (5 parts)
achyut,C:\Users\Ruchit\Desktop\Code\2025\eIPL\Dataset\Custurd Apple Images-20251105T045712Z-1-001\Custurd Apple Images\achyut\172\Achyut1408_2_lower_leaf_1762070681213.jpeg,Achyut1408_2_lower_leaf_1762070681213.jpeg,Achyut1408,2,lower,leaf,1.76207E+12,02-11-2025 13:34,,,,,,Pattern 1 (5 parts)
achyut,C:\Users\Ruchit\Desktop\Code\2025\eIPL\Dataset\Custurd Apple Images-20251105T045712Z-1-001\Custurd Apple Images\achyut\172\Achyut1408_2_lower_leaf_1762070708329.jpeg,Achyut1408_2_lower_leaf_1762070708329.jpeg,Achyut1408,2,lower,leaf,1.76207E+12,02-11-2025 13:35,,,,,,Pattern 1 (5 parts)
achyut,C:\Users\Ruchit\Desktop\Code\2025\eIPL\Dataset\Custurd Apple Images-20251105T045712Z-1-001\Custurd Apple Images\achyut\172\Achyut1408_2_lower_leaf_1762070830352.jpeg,Achyut1408_2_lower_leaf_1762070830352.jpeg,Achyut1408,2,lower,leaf,1.76207E+12,02-11-2025 13:37,,,,,,Pattern 1 (5 parts)
achyut,C:\Users\Ruchit\Desktop\Code\2025\eIPL\Dataset\Custurd Apple Images-20251105T045712Z-1-001\Custurd Apple Images\achyut\172\Achyut1408_2_middle_flower_1762069107227.jpeg,Achyut1408_2_middle_flower_1762069107227.jpeg,Achyut1408,2,middle,flower,1.76207E+12,02-11-2025 13:08,,,,,,Pattern 1 (5 parts)
achyut,C:\Users\Ruchit\Desktop\Code\2025\eIPL\Dataset\Custurd Apple Images-20251105T045712Z-1-001\Custurd Apple Images\achyut\172\Achyut1408_2_middle_flower_1762069275097.jpeg,Achyut1408_2_middle_flower_1762069275097.jpeg,Achyut1408,2,middle,flower,1.76207E+12,02-11-2025 13:11,,,,,,Pattern 1 (5 parts)
achyut,C:\Users\Ruchit\Desktop\Code\2025\eIPL\Dataset\Custurd Apple Images-20251105T045712Z-1-001\Custurd Apple Images\achyut\172\Achyut1408_2_middle_flower_1762070312202.jpeg,Achyut1408_2_middle_flower_1762070312202.jpeg,Achyut1408,2,middle,flower,1.76207E+12,02-11-2025 13:28,,,,,,Pattern 1 (5 parts)
achyut,C:\Users\Ruchit\Desktop\Code\2025\eIPL\Dataset\Custurd Apple Images-20251105T045712Z-1-001\Custurd Apple Images\achyut\172\Achyut1408_2_middle_flower_1762070951679.jpeg,Achyut1408_2_middle_flower_1762070951679.jpeg,Achyut1408,2,middle,flower,1.76207E+12,02-11-2025 13:39,,,,,,Pattern 1 (5 parts)
achyut,C:\Users\Ruchit\Desktop\Code\2025\eIPL\Dataset\Custurd Apple Images-20251105T045712Z-1-001\Custurd Apple Images\achyut\172\Achyut1408_2_middle_flower_1762071141786.jpeg,Achyut1408_2_middle_flower_1762071141786.jpeg,Achyut1408,2,middle,flower,1.76207E+12,02-11-2025 13:42,,,,,,Pattern 1 (5 parts)
achyut,C:\Users\Ruchit\Desktop\Code\2025\eIPL\Dataset\Custurd Apple Images-20251105T045712Z-1-001\Custurd Apple Images\achyut\172\Achyut1408_2_middle_flower_1762074276440.jpeg,Achyut1408_2_middle_flower_1762074276440.jpeg,Achyut1408,2,middle,flower,1.76207E+12,02-11-2025 14:34,,,,,,Pattern 1 (5 parts)
achyut,C:\Users\Ruchit\Desktop\Code\2025\eIPL\Dataset\Custurd Apple Images-20251105T045712Z-1-001\Custurd Apple Images\achyut\172\Achyut1408_2_middle_flower_1762074298275.jpeg,Achyut1408_2_middle_flower_1762074298275.jpeg,Achyut1408,2,middle,flower,1.76207E+12,02-11-2025 14:34,,,,,,Pattern 1 (5 parts)
achyut,C:\Users\Ruchit\Desktop\Code\2025\eIPL\Dataset\Custurd Apple Images-20251105T045712Z-1-001\Custurd Apple Images\achyut\172\Achyut1408_2_middle_leaf_1762069080352.jpeg,Achyut1408_2_middle_leaf_1762069080352.jpeg,Achyut1408,2,middle,leaf,1.76207E+12,02-11-2025 13:08,,,,,,Pattern 1 (5 parts)
achyut,C:\Users\Ruchit\Desktop\Code\2025\eIPL\Dataset\Custurd Apple Images-20251105T045712Z-1-001\Custurd Apple Images\achyut\172\Achyut1408_2_middle_leaf_1762070378544.jpeg,Achyut1408_2_middle_leaf_1762070378544.jpeg,Achyut1408,2,middle,leaf,1.76207E+12,02-11-2025 13:29,,,,,,Pattern 1 (5 parts)
achyut,C:\Users\Ruchit\Desktop\Code\2025\eIPL\Dataset\Custurd Apple Images-20251105T045712Z-1-001\Custurd Apple Images\achyut\172\Achyut1408_2_middle_leaf_1762070591048.jpeg,Achyut1408_2_middle_leaf_1762070591048.jpeg,Achyut1408,2,middle,leaf,1.76207E+12,02-11-2025 13:33,,,,,,Pattern 1 (5 parts)
achyut,C:\Users\Ruchit\Desktop\Code\2025\eIPL\Dataset\Custurd Apple Images-20251105T045712Z-1-001\Custurd Apple Images\achyut\172\Achyut1408_2_middle_leaf_1762070636093.jpeg,Achyut1408_2_middle_leaf_1762070636093.jpeg,Achyut1408,2,middle,leaf,1.76207E+12,02-11-2025 13:33,,,,,,Pattern 1 (5 parts)
achyut,C:\Users\Ruchit\Desktop\Code\2025\eIPL\Dataset\Custurd Apple Images-20251105T045712Z-1-001\Custurd Apple Images\achyut\172\Achyut1408_2_middle_leaf_1762075267694.jpeg,Achyut1408_2_middle_leaf_1762075267694.jpeg,Achyut1408,2,middle,leaf,1.76208E+12,02-11-2025 14:51,,,,,,Pattern 1 (5 parts)
achyut,C:\Users\Ruchit\Desktop\Code\2025\eIPL\Dataset\Custurd Apple Images-20251105T045712Z-1-001\Custurd Apple Images\achyut\172\Achyut1408_2_middle_leaf_1762075289555.jpeg,Achyut1408_2_middle_leaf_1762075289555.jpeg,Achyut1408,2,middle,leaf,1.76208E+12,02-11-2025 14:51,,,,,,Pattern 1 (5 parts)
achyut,C:\Users\Ruchit\Desktop\Code\2025\eIPL\Dataset\Custurd Apple Images-20251105T045712Z-1-001\Custurd Apple Images\achyut\172\Achyut1408_2_middle_leaf_1762075305151.jpeg,Achyut1408_2_middle_leaf_1762075305151.jpeg,Achyut1408,2,middle,leaf,1.76208E+12,02-11-2025 14:51,,,,,,Pattern 1 (5 parts)
achyut,C:\Users\Ruchit\Desktop\Code\2025\eIPL\Dataset\Custurd Apple Images-20251105T045712Z-1-001\Custurd Apple Images\achyut\172\Achyut1408_2_middle_leaf_1762075334463.jpeg,Achyut1408_2_middle_leaf_1762075334463.jpeg,Achyut1408,2,middle,leaf,1.76208E+12,02-11-2025 14:52,,,,,,Pattern 1 (5 parts)
achyut,C:\Users\Ruchit\Desktop\Code\2025\eIPL\Dataset\Custurd Apple Images-20251105T045712Z-1-001\Custurd Apple Images\achyut\172\Achyut1408_2_middle_leaf_1762075402767.jpeg,Achyut1408_2_middle_leaf_1762075402767.jpeg,Achyut1408,2,middle,leaf,1.76208E+12,02-11-2025 14:53,,,,,,Pattern 1 (5 parts)
achyut,C:\Users\Ruchit\Desktop\Code\2025\eIPL\Dataset\Custurd Apple Images-20251105T045712Z-1-001\Custurd Apple Images\achyut\172\Achyut1408_2_upper_leaf_1762070151265.jpeg,Achyut1408_2_upper_leaf_1762070151265.jpeg,Achyut1408,2,upper,leaf,1.76207E+12,02-11-2025 13:25,,,,,,Pattern 1 (5 parts)
achyut,C:\Users\Ruchit\Desktop\Code\2025\eIPL\Dataset\Custurd Apple Images-20251105T045712Z-1-001\Custurd Apple Images\achyut\172\Achyut1408_2_upper_leaf_1762070184180.jpeg,Achyut1408_2_upper_leaf_1762070184180.jpeg,Achyut1408,2,upper,leaf,1.76207E+12,02-11-2025 13:26,,,,,,Pattern 1 (5 parts)
achyut,C:\Users\Ruchit\Desktop\Code\2025\eIPL\Dataset\Custurd Apple Images-20251105T045712Z-1-001\Custurd Apple Images\achyut\172\Achyut1408_2_upper_leaf_1762070228940.jpeg,Achyut1408_2_upper_leaf_1762070228940.jpeg,Achyut1408,2,upper,leaf,1.76207E+12,02-11-2025 13:27,,,,,,Pattern 1 (5 parts)
achyut,C:\Users\Ruchit\Desktop\Code\2025\eIPL\Dataset\Custurd Apple Images-20251105T045712Z-1-001\Custurd Apple Images\achyut\172\Achyut1408_2_upper_leaf_1762070273147.jpeg,Achyut1408_2_upper_leaf_1762070273147.jpeg,Achyut1408,2,upper,leaf,1.76207E+12,02-11-2025 13:27,,,,,,Pattern 1 (5 parts)
achyut,C:\Users\Ruchit\Desktop\Code\2025\eIPL\Dataset\Custurd Apple Images-20251105T045712Z-1-001\Custurd Apple Images\achyut\172\Achyut1408_2_upper_leaf_1762070287400.jpeg,Achyut1408_2_upper_leaf_1762070287400.jpeg,Achyut1408,2,upper,leaf,1.76207E+12,02-11-2025 13:28,,,,,,Pattern 1 (5 parts)
achyut,C:\Users\Ruchit\Desktop\Code\2025\eIPL\Dataset\Custurd Apple Images-20251105T045712Z-1-001\Custurd Apple Images\achyut\172\Achyut1408_2_upper_leaf_1762070729217.jpeg,Achyut1408_2_upper_leaf_1762070729217.jpeg,Achyut1408,2,upper,leaf,1.76207E+12,02-11-2025 13:35,,,,,,Pattern 1 (5 parts)
achyut,C:\Users\Ruchit\Desktop\Code\2025\eIPL\Dataset\Custurd Apple Images-20251105T045712Z-1-001\Custurd Apple Images\achyut\172\Achyut1408_2_upper_leaf_1762070797162.jpeg,Achyut1408_2_upper_leaf_1762070797162.jpeg,Achyut1408,2,upper,leaf,1.76207E+12,02-11-2025 13:36,,,,,,Pattern 1 (5 parts)
ruchit,C:\Users\Ruchit\Desktop\Code\2025\eIPL\Dataset\Custurd Apple Images-20251105T045712Z-1-001\Custurd Apple Images\ruchit\173\Ruchit_3_lower_flower_1762070087546.jpeg,Ruchit_3_lower_flower_1762070087546.jpeg,Ruchit,3,lower,flower,1.76207E+12,02-11-2025 13:24,,,,,,Pattern 1 (5 parts)
ruchit,C:\Users\Ruchit\Desktop\Code\2025\eIPL\Dataset\Custurd Apple Images-20251105T045712Z-1-001\Custurd Apple Images\ruchit\173\Ruchit_3_lower_flower_1762070102687.jpeg,Ruchit_3_lower_flower_1762070102687.jpeg,Ruchit,3,lower,flower,1.76207E+12,02-11-2025 13:25,,,,,,Pattern 1 (5 parts)
ruchit,C:\Users\Ruchit\Desktop\Code\2025\eIPL\Dataset\Custurd Apple Images-20251105T045712Z-1-001\Custurd Apple Images\ruchit\173\Ruchit_3_lower_flower_1762070156537.jpeg,Ruchit_3_lower_flower_1762070156537.jpeg,Ruchit,3,lower,flower,1.76207E+12,02-11-2025 13:25,,,,,,Pattern 1 (5 parts)
ruchit,C:\Users\Ruchit\Desktop\Code\2025\eIPL\Dataset\Custurd Apple Images-20251105T045712Z-1-001\Custurd Apple Images\ruchit\173\Ruchit_3_lower_flower_1762070167748.jpeg,Ruchit_3_lower_flower_1762070167748.jpeg,Ruchit,3,lower,flower,1.76207E+12,02-11-2025 13:26,,,,,,Pattern 1 (5 parts)
ruchit,C:\Users\Ruchit\Desktop\Code\2025\eIPL\Dataset\Custurd Apple Images-20251105T045712Z-1-001\Custurd Apple Images\ruchit\173\Ruchit_3_lower_flower_1762070185483.jpeg,Ruchit_3_lower_flower_1762070185483.jpeg,Ruchit,3,lower,flower,1.76207E+12,02-11-2025 13:26,,,,,,Pattern 1 (5 parts)
ruchit,C:\Users\Ruchit\Desktop\Code\2025\eIPL\Dataset\Custurd Apple Images-20251105T045712Z-1-001\Custurd Apple Images\ruchit\173\Ruchit_3_lower_flower_1762070507129.jpeg,Ruchit_3_lower_flower_1762070507129.jpeg,Ruchit,3,lower,flower,1.76207E+12,02-11-2025 13:31,,,,,,Pattern 1 (5 parts)
ruchit,C:\Users\Ruchit\Desktop\Code\2025\eIPL\Dataset\Custurd Apple Images-20251105T045712Z-1-001\Custurd Apple Images\ruchit\173\Ruchit_3_lower_flower_1762072250369.jpeg,Ruchit_3_lower_flower_1762072250369.jpeg,Ruchit,3,lower,flower,1.76207E+12,02-11-2025 14:00,,,,,,Pattern 1 (5 parts)
ruchit,C:\Users\Ruchit\Desktop\Code\2025\eIPL\Dataset\Custurd Apple Images-20251105T045712Z-1-001\Custurd Apple Images\ruchit\173\Ruchit_3_lower_flower_1762072292049.jpeg,Ruchit_3_lower_flower_1762072292049.jpeg,Ruchit,3,lower,flower,1.76207E+12,02-11-2025 14:01,,,,,,Pattern 1 (5 parts)
ruchit,C:\Users\Ruchit\Desktop\Code\2025\eIPL\Dataset\Custurd Apple Images-20251105T045712Z-1-001\Custurd Apple Images\ruchit\173\Ruchit_3_lower_flower_1762072379875.jpeg,Ruchit_3_lower_flower_1762072379875.jpeg,Ruchit,3,lower,flower,1.76207E+12,02-11-2025 14:02,,,,,,Pattern 1 (5 parts)
ruchit,C:\Users\Ruchit\Desktop\Code\2025\eIPL\Dataset\Custurd Apple Images-20251105T045712Z-1-001\Custurd Apple Images\ruchit\173\Ruchit_3_lower_flower_1762072420048.jpeg,Ruchit_3_lower_flower_1762072420048.jpeg,Ruchit,3,lower,flower,1.76207E+12,02-11-2025 14:03,,,,,,Pattern 1 (5 parts)
ruchit,C:\Users\Ruchit\Desktop\Code\2025\eIPL\Dataset\Custurd Apple Images-20251105T045712Z-1-001\Custurd Apple Images\ruchit\173\Ruchit_3_lower_flower_1762072486273.jpeg,Ruchit_3_lower_flower_1762072486273.jpeg,Ruchit,3,lower,flower,1.76207E+12,02-11-2025 14:04,,,,,,Pattern 1 (5 parts)
ruchit,C:\Users\Ruchit\Desktop\Code\2025\eIPL\Dataset\Custurd Apple Images-20251105T045712Z-1-001\Custurd Apple Images\ruchit\173\Ruchit_3_lower_flower_1762072574777.jpeg,Ruchit_3_lower_flower_1762072574777.jpeg,Ruchit,3,lower,flower,1.76207E+12,02-11-2025 14:06,,,,,,Pattern 1 (5 parts)
ruchit,C:\Users\Ruchit\Desktop\Code\2025\eIPL\Dataset\Custurd Apple Images-20251105T045712Z-1-001\Custurd Apple Images\ruchit\173\Ruchit_3_lower_flower_1762072609677.jpeg,Ruchit_3_lower_flower_1762072609677.jpeg,Ruchit,3,lower,flower,1.76207E+12,02-11-2025 14:06,,,,,,Pattern 1 (5 parts)
ruchit,C:\Users\Ruchit\Desktop\Code\2025\eIPL\Dataset\Custurd Apple Images-20251105T045712Z-1-001\Custurd Apple Images\ruchit\173\Ruchit_3_lower_flower_1762072857312.jpeg,Ruchit_3_lower_flower_1762072857312.jpeg,Ruchit,3,lower,flower,1.76207E+12,02-11-2025 14:10,,,,,,Pattern 1 (5 parts)
ruchit,C:\Users\Ruchit\Desktop\Code\2025\eIPL\Dataset\Custurd Apple Images-20251105T045712Z-1-001\Custurd Apple Images\ruchit\173\Ruchit_3_lower_flower_1762072904066.jpeg,Ruchit_3_lower_flower_1762072904066.jpeg,Ruchit,3,lower,flower,1.76207E+12,02-11-2025 14:11,,,,,,Pattern 1 (5 parts)
ruchit,C:\Users\Ruchit\Desktop\Code\2025\eIPL\Dataset\Custurd Apple Images-20251105T045712Z-1-001\Custurd Apple Images\ruchit\173\Ruchit_3_lower_flower_1762072983804.jpeg,Ruchit_3_lower_flower_1762072983804.jpeg,Ruchit,3,lower,flower,1.76207E+12,02-11-2025 14:13,,,,,,Pattern 1 (5 parts)
ruchit,C:\Users\Ruchit\Desktop\Code\2025\eIPL\Dataset\Custurd Apple Images-20251105T045712Z-1-001\Custurd Apple Images\ruchit\173\Ruchit_3_lower_flower_1762073033738.jpeg,Ruchit_3_lower_flower_1762073033738.jpeg,Ruchit,3,lower,flower,1.76207E+12,02-11-2025 14:13,,,,,,Pattern 1 (5 parts)
ruchit,C:\Users\Ruchit\Desktop\Code\2025\eIPL\Dataset\Custurd Apple Images-20251105T045712Z-1-001\Custurd Apple Images\ruchit\173\Ruchit_3_lower_flower_1762073054547.jpeg,Ruchit_3_lower_flower_1762073054547.jpeg,Ruchit,3,lower,flower,1.76207E+12,02-11-2025 14:14,,,,,,Pattern 1 (5 parts)
ruchit,C:\Users\Ruchit\Desktop\Code\2025\eIPL\Dataset\Custurd Apple Images-20251105T045712Z-1-001\Custurd Apple Images\ruchit\173\Ruchit_3_lower_flower_1762073077705.jpeg,Ruchit_3_lower_flower_1762073077705.jpeg,Ruchit,3,lower,flower,1.76207E+12,02-11-2025 14:14,,,,,,Pattern 1 (5 parts)
ruchit,C:\Users\Ruchit\Desktop\Code\2025\eIPL\Dataset\Custurd Apple Images-20251105T045712Z-1-001\Custurd Apple Images\ruchit\173\Ruchit_3_lower_flower_1762073098637.jpeg,Ruchit_3_lower_flower_1762073098637.jpeg,Ruchit,3,lower,flower,1.76207E+12,02-11-2025 14:14,,,,,,Pattern 1 (5 parts)
ruchit,C:\Users\Ruchit\Desktop\Code\2025\eIPL\Dataset\Custurd Apple Images-20251105T045712Z-1-001\Custurd Apple Images\ruchit\173\Ruchit_3_lower_flower_1762073112803.jpeg,Ruchit_3_lower_flower_1762073112803.jpeg,Ruchit,3,lower,flower,1.76207E+12,02-11-2025 14:15,,,,,,Pattern 1 (5 parts)
ruchit,C:\Users\Ruchit\Desktop\Code\2025\eIPL\Dataset\Custurd Apple Images-20251105T045712Z-1-001\Custurd Apple Images\ruchit\173\Ruchit_3_lower_flower_1762073131834.jpeg,Ruchit_3_lower_flower_1762073131834.jpeg,Ruchit,3,lower,flower,1.76207E+12,02-11-2025 14:15,,,,,,Pattern 1 (5 parts)
ruchit,C:\Users\Ruchit\Desktop\Code\2025\eIPL\Dataset\Custurd Apple Images-20251105T045712Z-1-001\Custurd Apple Images\ruchit\173\Ruchit_3_lower_flower_1762073153604.jpeg,Ruchit_3_lower_flower_1762073153604.jpeg,Ruchit,3,lower,flower,1.76207E+12,02-11-2025 14:15,,,,,,Pattern 1 (5 parts)
ruchit,C:\Users\Ruchit\Desktop\Code\2025\eIPL\Dataset\Custurd Apple Images-20251105T045712Z-1-001\Custurd Apple Images\ruchit\173\Ruchit_3_lower_flower_1762073165385.jpeg,Ruchit_3_lower_flower_1762073165385.jpeg,Ruchit,3,lower,flower,1.76207E+12,02-11-2025 14:16,,,,,,Pattern 1 (5 parts)
ruchit,C:\Users\Ruchit\Desktop\Code\2025\eIPL\Dataset\Custurd Apple Images-20251105T045712Z-1-001\Custurd Apple Images\ruchit\173\Ruchit_3_lower_flower_1762073187470.jpeg,Ruchit_3_lower_flower_1762073187470.jpeg,Ruchit,3,lower,flower,1.76207E+12,02-11-2025 14:16,,,,,,Pattern 1 (5 parts)
ruchit,C:\Users\Ruchit\Desktop\Code\2025\eIPL\Dataset\Custurd Apple Images-20251105T045712Z-1-001\Custurd Apple Images\ruchit\173\Ruchit_3_lower_flower_1762073207417.jpeg,Ruchit_3_lower_flower_1762073207417.jpeg,Ruchit,3,lower,flower,1.76207E+12,02-11-2025 14:16,,,,,,Pattern 1 (5 parts)
ruchit,C:\Users\Ruchit\Desktop\Code\2025\eIPL\Dataset\Custurd Apple Images-20251105T045712Z-1-001\Custurd Apple Images\ruchit\173\Ruchit_3_lower_flower_1762073227374.jpeg,Ruchit_3_lower_flower_1762073227374.jpeg,Ruchit,3,lower,flower,1.76207E+12,02-11-2025 14:17,,,,,,Pattern 1 (5 parts)
ruchit,C:\Users\Ruchit\Desktop\Code\2025\eIPL\Dataset\Custurd Apple Images-20251105T045712Z-1-001\Custurd Apple Images\ruchit\173\Ruchit_3_lower_flower_1762073338710.jpeg,Ruchit_3_lower_flower_1762073338710.jpeg,Ruchit,3,lower,flower,1.76207E+12,02-11-2025 14:18,,,,,,Pattern 1 (5 parts)
ruchit,C:\Users\Ruchit\Desktop\Code\2025\eIPL\Dataset\Custurd Apple Images-20251105T045712Z-1-001\Custurd Apple Images\ruchit\173\Ruchit_3_lower_flower_1762073359017.jpeg,Ruchit_3_lower_flower_1762073359017.jpeg,Ruchit,3,lower,flower,1.76207E+12,02-11-2025 14:19,,,,,,Pattern 1 (5 parts)
ruchit,C:\Users\Ruchit\Desktop\Code\2025\eIPL\Dataset\Custurd Apple Images-20251105T045712Z-1-001\Custurd Apple Images\ruchit\173\Ruchit_3_lower_flower_1762073371314.jpeg,Ruchit_3_lower_flower_1762073371314.jpeg,Ruchit,3,lower,flower,1.76207E+12,02-11-2025 14:19,,,,,,Pattern 1 (5 parts)
ruchit,C:\Users\Ruchit\Desktop\Code\2025\eIPL\Dataset\Custurd Apple Images-20251105T045712Z-1-001\Custurd Apple Images\ruchit\173\Ruchit_3_lower_flower_1762073389099.jpeg,Ruchit_3_lower_flower_1762073389099.jpeg,Ruchit,3,lower,flower,1.76207E+12,02-11-2025 14:19,,,,,,Pattern 1 (5 parts)
ruchit,C:\Users\Ruchit\Desktop\Code\2025\eIPL\Dataset\Custurd Apple Images-20251105T045712Z-1-001\Custurd Apple Images\ruchit\173\Ruchit_3_lower_flower_1762073402042.jpeg,Ruchit_3_lower_flower_1762073402042.jpeg,Ruchit,3,lower,flower,1.76207E+12,02-11-2025 14:20,,,,,,Pattern 1 (5 parts)
ruchit,C:\Users\Ruchit\Desktop\Code\2025\eIPL\Dataset\Custurd Apple Images-20251105T045712Z-1-001\Custurd Apple Images\ruchit\173\Ruchit_3_lower_flower_1762073437578.jpeg,Ruchit_3_lower_flower_1762073437578.jpeg,Ruchit,3,lower,flower,1.76207E+12,02-11-2025 14:20,,,,,,Pattern 1 (5 parts)
ruchit,C:\Users\Ruchit\Desktop\Code\2025\eIPL\Dataset\Custurd Apple Images-20251105T045712Z-1-001\Custurd Apple Images\ruchit\173\Ruchit_3_lower_flower_1762073460164.jpeg,Ruchit_3_lower_flower_1762073460164.jpeg,Ruchit,3,lower,flower,1.76207E+12,02-11-2025 14:21,,,,,,Pattern 1 (5 parts)
ruchit,C:\Users\Ruchit\Desktop\Code\2025\eIPL\Dataset\Custurd Apple Images-20251105T045712Z-1-001\Custurd Apple Images\ruchit\173\Ruchit_3_lower_flower_1762073475631.jpeg,Ruchit_3_lower_flower_1762073475631.jpeg,Ruchit,3,lower,flower,1.76207E+12,02-11-2025 14:21,,,,,,Pattern 1 (5 parts)
ruchit,C:\Users\Ruchit\Desktop\Code\2025\eIPL\Dataset\Custurd Apple Images-20251105T045712Z-1-001\Custurd Apple Images\ruchit\173\Ruchit_3_lower_flower_1762073505491.jpeg,Ruchit_3_lower_flower_1762073505491.jpeg,Ruchit,3,lower,flower,1.76207E+12,02-11-2025 14:21,,,,,,Pattern 1 (5 parts)
ruchit,C:\Users\Ruchit\Desktop\Code\2025\eIPL\Dataset\Custurd Apple Images-20251105T045712Z-1-001\Custurd Apple Images\ruchit\173\Ruchit_3_lower_flower_1762074141256.jpeg,Ruchit_3_lower_flower_1762074141256.jpeg,Ruchit,3,lower,flower,1.76207E+12,02-11-2025 14:32,,,,,,Pattern 1 (5 parts)
ruchit,C:\Users\Ruchit\Desktop\Code\2025\eIPL\Dataset\Custurd Apple Images-20251105T045712Z-1-001\Custurd Apple Images\ruchit\173\Ruchit_3_lower_flower_1762074154224.jpeg,Ruchit_3_lower_flower_1762074154224.jpeg,Ruchit,3,lower,flower,1.76207E+12,02-11-2025 14:32,,,,,,Pattern 1 (5 parts)
ruchit,C:\Users\Ruchit\Desktop\Code\2025\eIPL\Dataset\Custurd Apple Images-20251105T045712Z-1-001\Custurd Apple Images\ruchit\173\Ruchit_3_lower_flower_1762074183975.jpeg,Ruchit_3_lower_flower_1762074183975.jpeg,Ruchit,3,lower,flower,1.76207E+12,02-11-2025 14:33,,,,,,Pattern 1 (5 parts)
ruchit,C:\Users\Ruchit\Desktop\Code\2025\eIPL\Dataset\Custurd Apple Images-20251105T045712Z-1-001\Custurd Apple Images\ruchit\173\Ruchit_3_lower_flower_1762074200557.jpeg,Ruchit_3_lower_flower_1762074200557.jpeg,Ruchit,3,lower,flower,1.76207E+12,02-11-2025 14:33,,,,,,Pattern 1 (5 parts)
ruchit,C:\Users\Ruchit\Desktop\Code\2025\eIPL\Dataset\Custurd Apple Images-20251105T045712Z-1-001\Custurd Apple Images\ruchit\173\Ruchit_3_lower_leaf_1762070713492.jpeg,Ruchit_3_lower_leaf_1762070713492.jpeg,Ruchit,3,lower,leaf,1.76207E+12,02-11-2025 13:35,,,,,,Pattern 1 (5 parts)
ruchit,C:\Users\Ruchit\Desktop\Code\2025\eIPL\Dataset\Custurd Apple Images-20251105T045712Z-1-001\Custurd Apple Images\ruchit\173\Ruchit_3_lower_leaf_1762071997242.jpeg,Ruchit_3_lower_leaf_1762071997242.jpeg,Ruchit,3,lower,leaf,1.76207E+12,02-11-2025 13:56,,,,,,Pattern 1 (5 parts)
ruchit,C:\Users\Ruchit\Desktop\Code\2025\eIPL\Dataset\Custurd Apple Images-20251105T045712Z-1-001\Custurd Apple Images\ruchit\173\Ruchit_3_lower_leaf_1762072021351.jpeg,Ruchit_3_lower_leaf_1762072021351.jpeg,Ruchit,3,lower,leaf,1.76207E+12,02-11-2025 13:57,,,,,,Pattern 1 (5 parts)
ruchit,C:\Users\Ruchit\Desktop\Code\2025\eIPL\Dataset\Custurd Apple Images-20251105T045712Z-1-001\Custurd Apple Images\ruchit\173\Ruchit_3_lower_leaf_1762072823579.jpeg,Ruchit_3_lower_leaf_1762072823579.jpeg,Ruchit,3,lower,leaf,1.76207E+12,02-11-2025 14:10,,,,,,Pattern 1 (5 parts)
ruchit,C:\Users\Ruchit\Desktop\Code\2025\eIPL\Dataset\Custurd Apple Images-20251105T045712Z-1-001\Custurd Apple Images\ruchit\173\Ruchit_3_lower_leaf_1762073319186.jpeg,Ruchit_3_lower_leaf_1762073319186.jpeg,Ruchit,3,lower,leaf,1.76207E+12,02-11-2025 14:18,,,,,,Pattern 1 (5 parts)
ruchit,C:\Users\Ruchit\Desktop\Code\2025\eIPL\Dataset\Custurd Apple Images-20251105T045712Z-1-001\Custurd Apple Images\ruchit\173\Ruchit_3_lower_leaf_1762073639015.jpeg,Ruchit_3_lower_leaf_1762073639015.jpeg,Ruchit,3,lower,leaf,1.76207E+12,02-11-2025 14:23,,,,,,Pattern 1 (5 parts)
ruchit,C:\Users\Ruchit\Desktop\Code\2025\eIPL\Dataset\Custurd Apple Images-20251105T045712Z-1-001\Custurd Apple Images\ruchit\173\Ruchit_3_lower_leaf_1762073747784.jpeg,Ruchit_3_lower_leaf_1762073747784.jpeg,Ruchit,3,lower,leaf,1.76207E+12,02-11-2025 14:25,,,,,,Pattern 1 (5 parts)
ruchit,C:\Users\Ruchit\Desktop\Code\2025\eIPL\Dataset\Custurd Apple Images-20251105T045712Z-1-001\Custurd Apple Images\ruchit\173\Ruchit_3_lower_leaf_1762073978676.jpeg,Ruchit_3_lower_leaf_1762073978676.jpeg,Ruchit,3,lower,leaf,1.76207E+12,02-11-2025 14:29,,,,,,Pattern 1 (5 parts)
ruchit,C:\Users\Ruchit\Desktop\Code\2025\eIPL\Dataset\Custurd Apple Images-20251105T045712Z-1-001\Custurd Apple Images\ruchit\173\Ruchit_3_lower_leaf_1762075253243.jpeg,Ruchit_3_lower_leaf_1762075253243.jpeg,Ruchit,3,lower,leaf,1.76208E+12,02-11-2025 14:50,,,,,,Pattern 1 (5 parts)
ruchit,C:\Users\Ruchit\Desktop\Code\2025\eIPL\Dataset\Custurd Apple Images-20251105T045712Z-1-001\Custurd Apple Images\ruchit\173\Ruchit_3_middle_flower_1762068991591.jpeg,Ruchit_3_middle_flower_1762068991591.jpeg,Ruchit,3,middle,flower,1.76207E+12,02-11-2025 13:06,,,,,,Pattern 1 (5 parts)
ruchit,C:\Users\Ruchit\Desktop\Code\2025\eIPL\Dataset\Custurd Apple Images-20251105T045712Z-1-001\Custurd Apple Images\ruchit\173\Ruchit_3_middle_flower_1762069343101.jpeg,Ruchit_3_middle_flower_1762069343101.jpeg,Ruchit,3,middle,flower,1.76207E+12,02-11-2025 13:12,,,,,,Pattern 1 (5 parts)
ruchit,C:\Users\Ruchit\Desktop\Code\2025\eIPL\Dataset\Custurd Apple Images-20251105T045712Z-1-001\Custurd Apple Images\ruchit\173\Ruchit_3_middle_flower_1762069374856.jpeg,Ruchit_3_middle_flower_1762069374856.jpeg,Ruchit,3,middle,flower,1.76207E+12,02-11-2025 13:12,,,,,,Pattern 1 (5 parts)
ruchit,C:\Users\Ruchit\Desktop\Code\2025\eIPL\Dataset\Custurd Apple Images-20251105T045712Z-1-001\Custurd Apple Images\ruchit\173\Ruchit_3_middle_flower_1762069389786.jpeg,Ruchit_3_middle_flower_1762069389786.jpeg,Ruchit,3,middle,flower,1.76207E+12,02-11-2025 13:13,,,,,,Pattern 1 (5 parts)
ruchit,C:\Users\Ruchit\Desktop\Code\2025\eIPL\Dataset\Custurd Apple Images-20251105T045712Z-1-001\Custurd Apple Images\ruchit\173\Ruchit_3_middle_flower_1762069665742.jpeg,Ruchit_3_middle_flower_1762069665742.jpeg,Ruchit,3,middle,flower,1.76207E+12,02-11-2025 13:17,,,,,,Pattern 1 (5 parts)
ruchit,C:\Users\Ruchit\Desktop\Code\2025\eIPL\Dataset\Custurd Apple Images-20251105T045712Z-1-001\Custurd Apple Images\ruchit\173\Ruchit_3_middle_flower_1762070225288.jpeg,Ruchit_3_middle_flower_1762070225288.jpeg,Ruchit,3,middle,flower,1.76207E+12,02-11-2025 13:27,,,,,,Pattern 1 (5 parts)
ruchit,C:\Users\Ruchit\Desktop\Code\2025\eIPL\Dataset\Custurd Apple Images-20251105T045712Z-1-001\Custurd Apple Images\ruchit\173\Ruchit_3_middle_flower_1762070241099.jpeg,Ruchit_3_middle_flower_1762070241099.jpeg,Ruchit,3,middle,flower,1.76207E+12,02-11-2025 13:27,,,,,,Pattern 1 (5 parts)
ruchit,C:\Users\Ruchit\Desktop\Code\2025\eIPL\Dataset\Custurd Apple Images-20251105T045712Z-1-001\Custurd Apple Images\ruchit\173\Ruchit_3_middle_flower_1762070288048.jpeg,Ruchit_3_middle_flower_1762070288048.jpeg,Ruchit,3,middle,flower,1.76207E+12,02-11-2025 13:28,,,,,,Pattern 1 (5 parts)
ruchit,C:\Users\Ruchit\Desktop\Code\2025\eIPL\Dataset\Custurd Apple Images-20251105T045712Z-1-001\Custurd Apple Images\ruchit\173\Ruchit_3_middle_flower_1762070438685.jpeg,Ruchit_3_middle_flower_1762070438685.jpeg,Ruchit,3,middle,flower,1.76207E+12,02-11-2025 13:30,,,,,,Pattern 1 (5 parts)
ruchit,C:\Users\Ruchit\Desktop\Code\2025\eIPL\Dataset\Custurd Apple Images-20251105T045712Z-1-001\Custurd Apple Images\ruchit\173\Ruchit_3_middle_flower_1762072327470.jpeg,Ruchit_3_middle_flower_1762072327470.jpeg,Ruchit,3,middle,flower,1.76207E+12,02-11-2025 14:02,,,,,,Pattern 1 (5 parts)
ruchit,C:\Users\Ruchit\Desktop\Code\2025\eIPL\Dataset\Custurd Apple Images-20251105T045712Z-1-001\Custurd Apple Images\ruchit\173\Ruchit_3_middle_flower_1762072347912.jpeg,Ruchit_3_middle_flower_1762072347912.jpeg,Ruchit,3,middle,flower,1.76207E+12,02-11-2025 14:02,,,,,,Pattern 1 (5 parts)
ruchit,C:\Users\Ruchit\Desktop\Code\2025\eIPL\Dataset\Custurd Apple Images-20251105T045712Z-1-001\Custurd Apple Images\ruchit\173\Ruchit_3_middle_flower_1762072359181.jpeg,Ruchit_3_middle_flower_1762072359181.jpeg,Ruchit,3,middle,flower,1.76207E+12,02-11-2025 14:02,,,,,,Pattern 1 (5 parts)
ruchit,C:\Users\Ruchit\Desktop\Code\2025\eIPL\Dataset\Custurd Apple Images-20251105T045712Z-1-001\Custurd Apple Images\ruchit\173\Ruchit_3_middle_flower_1762073595715.jpeg,Ruchit_3_middle_flower_1762073595715.jpeg,Ruchit,3,middle,flower,1.76207E+12,02-11-2025 14:23,,,,,,Pattern 1 (5 parts)
ruchit,C:\Users\Ruchit\Desktop\Code\2025\eIPL\Dataset\Custurd Apple Images-20251105T045712Z-1-001\Custurd Apple Images\ruchit\173\Ruchit_3_middle_flower_1762073612480.jpeg,Ruchit_3_middle_flower_1762073612480.jpeg,Ruchit,3,middle,flower,1.76207E+12,02-11-2025 14:23,,,,,,Pattern 1 (5 parts)
ruchit,C:\Users\Ruchit\Desktop\Code\2025\eIPL\Dataset\Custurd Apple Images-20251105T045712Z-1-001\Custurd Apple Images\ruchit\173\Ruchit_3_middle_flower_1762073661086.jpeg,Ruchit_3_middle_flower_1762073661086.jpeg,Ruchit,3,middle,flower,1.76207E+12,02-11-2025 14:24,,,,,,Pattern 1 (5 parts)
ruchit,C:\Users\Ruchit\Desktop\Code\2025\eIPL\Dataset\Custurd Apple Images-20251105T045712Z-1-001\Custurd Apple Images\ruchit\173\Ruchit_3_middle_flower_1762073685112.jpeg,Ruchit_3_middle_flower_1762073685112.jpeg,Ruchit,3,middle,flower,1.76207E+12,02-11-2025 14:24,,,,,,Pattern 1 (5 parts)
ruchit,C:\Users\Ruchit\Desktop\Code\2025\eIPL\Dataset\Custurd Apple Images-20251105T045712Z-1-001\Custurd Apple Images\ruchit\173\Ruchit_3_middle_flower_1762073694886.jpeg,Ruchit_3_middle_flower_1762073694886.jpeg,Ruchit,3,middle,flower,1.76207E+12,02-11-2025 14:24,,,,,,Pattern 1 (5 parts)
ruchit,C:\Users\Ruchit\Desktop\Code\2025\eIPL\Dataset\Custurd Apple Images-20251105T045712Z-1-001\Custurd Apple Images\ruchit\173\Ruchit_3_middle_flower_1762074080694.jpeg,Ruchit_3_middle_flower_1762074080694.jpeg,Ruchit,3,middle,flower,1.76207E+12,02-11-2025 14:31,,,,,,Pattern 1 (5 parts)
ruchit,C:\Users\Ruchit\Desktop\Code\2025\eIPL\Dataset\Custurd Apple Images-20251105T045712Z-1-001\Custurd Apple Images\ruchit\173\Ruchit_3_middle_flower_1762075283508.jpeg,Ruchit_3_middle_flower_1762075283508.jpeg,Ruchit,3,middle,flower,1.76208E+12,02-11-2025 14:51,,,,,,Pattern 1 (5 parts)
ruchit,C:\Users\Ruchit\Desktop\Code\2025\eIPL\Dataset\Custurd Apple Images-20251105T045712Z-1-001\Custurd Apple Images\ruchit\173\Ruchit_3_middle_flower_1762075292777.jpeg,Ruchit_3_middle_flower_1762075292777.jpeg,Ruchit,3,middle,flower,1.76208E+12,02-11-2025 14:51,,,,,,Pattern 1 (5 parts)
ruchit,C:\Users\Ruchit\Desktop\Code\2025\eIPL\Dataset\Custurd Apple Images-20251105T045712Z-1-001\Custurd Apple Images\ruchit\173\Ruchit_3_middle_flower_1762075308329.jpeg,Ruchit_3_middle_flower_1762075308329.jpeg,Ruchit,3,middle,flower,1.76208E+12,02-11-2025 14:51,,,,,,Pattern 1 (5 parts)
ruchit,C:\Users\Ruchit\Desktop\Code\2025\eIPL\Dataset\Custurd Apple Images-20251105T045712Z-1-001\Custurd Apple Images\ruchit\173\Ruchit_3_middle_flower_1762075326717.jpeg,Ruchit_3_middle_flower_1762075326717.jpeg,Ruchit,3,middle,flower,1.76208E+12,02-11-2025 14:52,,,,,,Pattern 1 (5 parts)
ruchit,C:\Users\Ruchit\Desktop\Code\2025\eIPL\Dataset\Custurd Apple Images-20251105T045712Z-1-001\Custurd Apple Images\ruchit\173\Ruchit_3_middle_flower_1762075358580.jpeg,Ruchit_3_middle_flower_1762075358580.jpeg,Ruchit,3,middle,flower,1.76208E+12,02-11-2025 14:52,,,,,,Pattern 1 (5 parts)
ruchit,C:\Users\Ruchit\Desktop\Code\2025\eIPL\Dataset\Custurd Apple Images-20251105T045712Z-1-001\Custurd Apple Images\ruchit\173\Ruchit_3_middle_flower_1762075377104.jpeg,Ruchit_3_middle_flower_1762075377104.jpeg,Ruchit,3,middle,flower,1.76208E+12,02-11-2025 14:52,,,,,,Pattern 1 (5 parts)
ruchit,C:\Users\Ruchit\Desktop\Code\2025\eIPL\Dataset\Custurd Apple Images-20251105T045712Z-1-001\Custurd Apple Images\ruchit\173\Ruchit_3_middle_leaf_1762069408831.jpeg,Ruchit_3_middle_leaf_1762069408831.jpeg,Ruchit,3,middle,leaf,1.76207E+12,02-11-2025 13:13,,,,,,Pattern 1 (5 parts)
ruchit,C:\Users\Ruchit\Desktop\Code\2025\eIPL\Dataset\Custurd Apple Images-20251105T045712Z-1-001\Custurd Apple Images\ruchit\173\Ruchit_3_middle_leaf_1762072635952.jpeg,Ruchit_3_middle_leaf_1762072635952.jpeg,Ruchit,3,middle,leaf,1.76207E+12,02-11-2025 14:07,,,,,,Pattern 1 (5 parts)
ruchit,C:\Users\Ruchit\Desktop\Code\2025\eIPL\Dataset\Custurd Apple Images-20251105T045712Z-1-001\Custurd Apple Images\ruchit\173\Ruchit_3_middle_leaf_1762072661852.jpeg,Ruchit_3_middle_leaf_1762072661852.jpeg,Ruchit,3,middle,leaf,1.76207E+12,02-11-2025 14:07,,,,,,Pattern 1 (5 parts)
ruchit,C:\Users\Ruchit\Desktop\Code\2025\eIPL\Dataset\Custurd Apple Images-20251105T045712Z-1-001\Custurd Apple Images\ruchit\173\Ruchit_3_middle_leaf_1762072718355.jpeg,Ruchit_3_middle_leaf_1762072718355.jpeg,Ruchit,3,middle,leaf,1.76207E+12,02-11-2025 14:08,,,,,,Pattern 1 (5 parts)
ruchit,C:\Users\Ruchit\Desktop\Code\2025\eIPL\Dataset\Custurd Apple Images-20251105T045712Z-1-001\Custurd Apple Images\ruchit\173\Ruchit_3_middle_leaf_1762072775287.jpeg,Ruchit_3_middle_leaf_1762072775287.jpeg,Ruchit,3,middle,leaf,1.76207E+12,02-11-2025 14:09,,,,,,Pattern 1 (5 parts)
ruchit,C:\Users\Ruchit\Desktop\Code\2025\eIPL\Dataset\Custurd Apple Images-20251105T045712Z-1-001\Custurd Apple Images\ruchit\173\Ruchit_3_middle_leaf_1762072802179.jpeg,Ruchit_3_middle_leaf_1762072802179.jpeg,Ruchit,3,middle,leaf,1.76207E+12,02-11-2025 14:10,,,,,,Pattern 1 (5 parts)
ruchit,C:\Users\Ruchit\Desktop\Code\2025\eIPL\Dataset\Custurd Apple Images-20251105T045712Z-1-001\Custurd Apple Images\ruchit\173\Ruchit_3_middle_leaf_1762073256512.jpeg,Ruchit_3_middle_leaf_1762073256512.jpeg,Ruchit,3,middle,leaf,1.76207E+12,02-11-2025 14:17,,,,,,Pattern 1 (5 parts)
ruchit,C:\Users\Ruchit\Desktop\Code\2025\eIPL\Dataset\Custurd Apple Images-20251105T045712Z-1-001\Custurd Apple Images\ruchit\173\Ruchit_3_middle_leaf_1762073265978.jpeg,Ruchit_3_middle_leaf_1762073265978.jpeg,Ruchit,3,middle,leaf,1.76207E+12,02-11-2025 14:17,,,,,,Pattern 1 (5 parts)
ruchit,C:\Users\Ruchit\Desktop\Code\2025\eIPL\Dataset\Custurd Apple Images-20251105T045712Z-1-001\Custurd Apple Images\ruchit\173\Ruchit_3_middle_leaf_1762073281567.jpeg,Ruchit_3_middle_leaf_1762073281567.jpeg,Ruchit,3,middle,leaf,1.76207E+12,02-11-2025 14:18,,,,,,Pattern 1 (5 parts)
ruchit,C:\Users\Ruchit\Desktop\Code\2025\eIPL\Dataset\Custurd Apple Images-20251105T045712Z-1-001\Custurd Apple Images\ruchit\173\Ruchit_3_middle_leaf_1762073297229.jpeg,Ruchit_3_middle_leaf_1762073297229.jpeg,Ruchit,3,middle,leaf,1.76207E+12,02-11-2025 14:18,,,,,,Pattern 1 (5 parts)
ruchit,C:\Users\Ruchit\Desktop\Code\2025\eIPL\Dataset\Custurd Apple Images-20251105T045712Z-1-001\Custurd Apple Images\ruchit\173\Ruchit_3_middle_leaf_1762073566934.jpeg,Ruchit_3_middle_leaf_1762073566934.jpeg,Ruchit,3,middle,leaf,1.76207E+12,02-11-2025 14:22,,,,,,Pattern 1 (5 parts)
ruchit,C:\Users\Ruchit\Desktop\Code\2025\eIPL\Dataset\Custurd Apple Images-20251105T045712Z-1-001\Custurd Apple Images\ruchit\173\Ruchit_3_upper_flower_1762069263023.jpeg,Ruchit_3_upper_flower_1762069263023.jpeg,Ruchit,3,upper,flower,1.76207E+12,02-11-2025 13:11,,,,,,Pattern 1 (5 parts)
ruchit,C:\Users\Ruchit\Desktop\Code\2025\eIPL\Dataset\Custurd Apple Images-20251105T045712Z-1-001\Custurd Apple Images\ruchit\173\Ruchit_3_upper_flower_1762069314475.jpeg,Ruchit_3_upper_flower_1762069314475.jpeg,Ruchit,3,upper,flower,1.76207E+12,02-11-2025 13:11,,,,,,Pattern 1 (5 parts)
ruchit,C:\Users\Ruchit\Desktop\Code\2025\eIPL\Dataset\Custurd Apple Images-20251105T045712Z-1-001\Custurd Apple Images\ruchit\173\Ruchit_3_upper_flower_1762069480131.jpeg,Ruchit_3_upper_flower_1762069480131.jpeg,Ruchit,3,upper,flower,1.76207E+12,02-11-2025 13:14,,,,,,Pattern 1 (5 parts)
ruchit,C:\Users\Ruchit\Desktop\Code\2025\eIPL\Dataset\Custurd Apple Images-20251105T045712Z-1-001\Custurd Apple Images\ruchit\173\Ruchit_3_upper_flower_1762070866102.jpeg,Ruchit_3_upper_flower_1762070866102.jpeg,Ruchit,3,upper,flower,1.76207E+12,02-11-2025 13:37,,,,,,Pattern 1 (5 parts)
ruchit,C:\Users\Ruchit\Desktop\Code\2025\eIPL\Dataset\Custurd Apple Images-20251105T045712Z-1-001\Custurd Apple Images\ruchit\173\Ruchit_3_upper_flower_1762071276565.jpeg,Ruchit_3_upper_flower_1762071276565.jpeg,Ruchit,3,upper,flower,1.76207E+12,02-11-2025 13:44,,,,,,Pattern 1 (5 parts)
ruchit,C:\Users\Ruchit\Desktop\Code\2025\eIPL\Dataset\Custurd Apple Images-20251105T045712Z-1-001\Custurd Apple Images\ruchit\173\Ruchit_3_upper_flower_1762071326711.jpeg,Ruchit_3_upper_flower_1762071326711.jpeg,Ruchit,3,upper,flower,1.76207E+12,02-11-2025 13:45,,,,,,Pattern 1 (5 parts)
ruchit,C:\Users\Ruchit\Desktop\Code\2025\eIPL\Dataset\Custurd Apple Images-20251105T045712Z-1-001\Custurd Apple Images\ruchit\173\Ruchit_3_upper_flower_1762071363684.jpeg,Ruchit_3_upper_flower_1762071363684.jpeg,Ruchit,3,upper,flower,1.76207E+12,02-11-2025 13:46,,,,,,Pattern 1 (5 parts)
ruchit,C:\Users\Ruchit\Desktop\Code\2025\eIPL\Dataset\Custurd Apple Images-20251105T045712Z-1-001\Custurd Apple Images\ruchit\173\Ruchit_3_upper_flower_1762073549056.jpeg,Ruchit_3_upper_flower_1762073549056.jpeg,Ruchit,3,upper,flower,1.76207E+12,02-11-2025 14:22,,,,,,Pattern 1 (5 parts)
ruchit,C:\Users\Ruchit\Desktop\Code\2025\eIPL\Dataset\Custurd Apple Images-20251105T045712Z-1-001\Custurd Apple Images\ruchit\173\Ruchit_3_upper_flower_1762074227175.jpeg,Ruchit_3_upper_flower_1762074227175.jpeg,Ruchit,3,upper,flower,1.76207E+12,02-11-2025 14:33,,,,,,Pattern 1 (5 parts)
ruchit,C:\Users\Ruchit\Desktop\Code\2025\eIPL\Dataset\Custurd Apple Images-20251105T045712Z-1-001\Custurd Apple Images\ruchit\173\Ruchit_3_upper_flower_1762075219913.jpeg,Ruchit_3_upper_flower_1762075219913.jpeg,Ruchit,3,upper,flower,1.76208E+12,02-11-2025 14:50,,,,,,Pattern 1 (5 parts)
ruchit,C:\Users\Ruchit\Desktop\Code\2025\eIPL\Dataset\Custurd Apple Images-20251105T045712Z-1-001\Custurd Apple Images\ruchit\173\Ruchit_3_upper_leaf_1762073717274.jpeg,Ruchit_3_upper_leaf_1762073717274.jpeg,Ruchit,3,upper,leaf,1.76207E+12,02-11-2025 14:25,,,,,,Pattern 1 (5 parts)
siddharth,C:\Users\Ruchit\Desktop\Code\2025\eIPL\Dataset\Custurd Apple Images-20251105T045712Z-1-001\Custurd Apple Images\siddharth\166\siddharth2_1_lower_flower_1762072881117.jpeg,siddharth2_1_lower_flower_1762072881117.jpeg,siddharth2,1,lower,flower,1.76207E+12,02-11-2025 14:11,,,,,,Pattern 1 (5 parts)
siddharth,C:\Users\Ruchit\Desktop\Code\2025\eIPL\Dataset\Custurd Apple Images-20251105T045712Z-1-001\Custurd Apple Images\siddharth\166\siddharth2_1_lower_flower_1762073030653.jpeg,siddharth2_1_lower_flower_1762073030653.jpeg,siddharth2,1,lower,flower,1.76207E+12,02-11-2025 14:13,,,,,,Pattern 1 (5 parts)
siddharth,C:\Users\Ruchit\Desktop\Code\2025\eIPL\Dataset\Custurd Apple Images-20251105T045712Z-1-001\Custurd Apple Images\siddharth\166\siddharth2_1_lower_flower_1762075068981.jpeg,siddharth2_1_lower_flower_1762075068981.jpeg,siddharth2,1,lower,flower,1.76208E+12,02-11-2025 14:47,,,,,,Pattern 1 (5 parts)
siddharth,C:\Users\Ruchit\Desktop\Code\2025\eIPL\Dataset\Custurd Apple Images-20251105T045712Z-1-001\Custurd Apple Images\siddharth\166\siddharth2_1_lower_flower_1762075087702.jpeg,siddharth2_1_lower_flower_1762075087702.jpeg,siddharth2,1,lower,flower,1.76208E+12,02-11-2025 14:48,,,,,,Pattern 1 (5 parts)
siddharth,C:\Users\Ruchit\Desktop\Code\2025\eIPL\Dataset\Custurd Apple Images-20251105T045712Z-1-001\Custurd Apple Images\siddharth\166\siddharth2_1_lower_flower_1762075143446.jpeg,siddharth2_1_lower_flower_1762075143446.jpeg,siddharth2,1,lower,flower,1.76208E+12,02-11-2025 14:49,,,,,,Pattern 1 (5 parts)
siddharth,C:\Users\Ruchit\Desktop\Code\2025\eIPL\Dataset\Custurd Apple Images-20251105T045712Z-1-001\Custurd Apple Images\siddharth\166\siddharth2_1_lower_flower_1762075250266.jpeg,siddharth2_1_lower_flower_1762075250266.jpeg,siddharth2,1,lower,flower,1.76208E+12,02-11-2025 14:50,,,,,,Pattern 1 (5 parts)
siddharth,C:\Users\Ruchit\Desktop\Code\2025\eIPL\Dataset\Custurd Apple Images-20251105T045712Z-1-001\Custurd Apple Images\siddharth\166\siddharth2_1_lower_flower_1762075295209.jpeg,siddharth2_1_lower_flower_1762075295209.jpeg,siddharth2,1,lower,flower,1.76208E+12,02-11-2025 14:51,,,,,,Pattern 1 (5 parts)
siddharth,C:\Users\Ruchit\Desktop\Code\2025\eIPL\Dataset\Custurd Apple Images-20251105T045712Z-1-001\Custurd Apple Images\siddharth\166\siddharth2_1_lower_flower_1762075352065.jpeg,siddharth2_1_lower_flower_1762075352065.jpeg,siddharth2,1,lower,flower,1.76208E+12,02-11-2025 14:52,,,,,,Pattern 1 (5 parts)
siddharth,C:\Users\Ruchit\Desktop\Code\2025\eIPL\Dataset\Custurd Apple Images-20251105T045712Z-1-001\Custurd Apple Images\siddharth\166\siddharth2_1_lower_leaf_1762072846666.jpeg,siddharth2_1_lower_leaf_1762072846666.jpeg,siddharth2,1,lower,leaf,1.76207E+12,02-11-2025 14:10,,,,,,Pattern 1 (5 parts)
siddharth,C:\Users\Ruchit\Desktop\Code\2025\eIPL\Dataset\Custurd Apple Images-20251105T045712Z-1-001\Custurd Apple Images\siddharth\166\siddharth2_1_lower_leaf_1762073569387.jpeg,siddharth2_1_lower_leaf_1762073569387.jpeg,siddharth2,1,lower,leaf,1.76207E+12,02-11-2025 14:22,,,,,,Pattern 1 (5 parts)
siddharth,C:\Users\Ruchit\Desktop\Code\2025\eIPL\Dataset\Custurd Apple Images-20251105T045712Z-1-001\Custurd Apple Images\siddharth\166\siddharth2_1_middle_flower_1762072410240.jpeg,siddharth2_1_middle_flower_1762072410240.jpeg,siddharth2,1,middle,flower,1.76207E+12,02-11-2025 14:03,,,,,,Pattern 1 (5 parts)
siddharth,C:\Users\Ruchit\Desktop\Code\2025\eIPL\Dataset\Custurd Apple Images-20251105T045712Z-1-001\Custurd Apple Images\siddharth\166\siddharth2_1_middle_flower_1762072432187.jpeg,siddharth2_1_middle_flower_1762072432187.jpeg,siddharth2,1,middle,flower,1.76207E+12,02-11-2025 14:03,,,,,,Pattern 1 (5 parts)
siddharth,C:\Users\Ruchit\Desktop\Code\2025\eIPL\Dataset\Custurd Apple Images-20251105T045712Z-1-001\Custurd Apple Images\siddharth\166\siddharth2_1_middle_flower_1762072457618.jpeg,siddharth2_1_middle_flower_1762072457618.jpeg,siddharth2,1,middle,flower,1.76207E+12,02-11-2025 14:04,,,,,,Pattern 1 (5 parts)
siddharth,C:\Users\Ruchit\Desktop\Code\2025\eIPL\Dataset\Custurd Apple Images-20251105T045712Z-1-001\Custurd Apple Images\siddharth\166\siddharth2_1_middle_flower_1762072600424.jpeg,siddharth2_1_middle_flower_1762072600424.jpeg,siddharth2,1,middle,flower,1.76207E+12,02-11-2025 14:06,,,,,,Pattern 1 (5 parts)
siddharth,C:\Users\Ruchit\Desktop\Code\2025\eIPL\Dataset\Custurd Apple Images-20251105T045712Z-1-001\Custurd Apple Images\siddharth\166\siddharth2_1_middle_flower_1762072640841.jpeg,siddharth2_1_middle_flower_1762072640841.jpeg,siddharth2,1,middle,flower,1.76207E+12,02-11-2025 14:07,,,,,,Pattern 1 (5 parts)
siddharth,C:\Users\Ruchit\Desktop\Code\2025\eIPL\Dataset\Custurd Apple Images-20251105T045712Z-1-001\Custurd Apple Images\siddharth\166\siddharth2_1_middle_flower_1762072907907.jpeg,siddharth2_1_middle_flower_1762072907907.jpeg,siddharth2,1,middle,flower,1.76207E+12,02-11-2025 14:11,,,,,,Pattern 1 (5 parts)
siddharth,C:\Users\Ruchit\Desktop\Code\2025\eIPL\Dataset\Custurd Apple Images-20251105T045712Z-1-001\Custurd Apple Images\siddharth\166\siddharth2_1_middle_flower_1762072922558.jpeg,siddharth2_1_middle_flower_1762072922558.jpeg,siddharth2,1,middle,flower,1.76207E+12,02-11-2025 14:12,,,,,,Pattern 1 (5 parts)
siddharth,C:\Users\Ruchit\Desktop\Code\2025\eIPL\Dataset\Custurd Apple Images-20251105T045712Z-1-001\Custurd Apple Images\siddharth\166\siddharth2_1_middle_flower_1762072946116.jpeg,siddharth2_1_middle_flower_1762072946116.jpeg,siddharth2,1,middle,flower,1.76207E+12,02-11-2025 14:12,,,,,,Pattern 1 (5 parts)
siddharth,C:\Users\Ruchit\Desktop\Code\2025\eIPL\Dataset\Custurd Apple Images-20251105T045712Z-1-001\Custurd Apple Images\siddharth\166\siddharth2_1_middle_flower_1762073083811.jpeg,siddharth2_1_middle_flower_1762073083811.jpeg,siddharth2,1,middle,flower,1.76207E+12,02-11-2025 14:14,,,,,,Pattern 1 (5 parts)
siddharth,C:\Users\Ruchit\Desktop\Code\2025\eIPL\Dataset\Custurd Apple Images-20251105T045712Z-1-001\Custurd Apple Images\siddharth\166\siddharth2_1_middle_flower_1762073313929.jpeg,siddharth2_1_middle_flower_1762073313929.jpeg,siddharth2,1,middle,flower,1.76207E+12,02-11-2025 14:18,,,,,,Pattern 1 (5 parts)
siddharth,C:\Users\Ruchit\Desktop\Code\2025\eIPL\Dataset\Custurd Apple Images-20251105T045712Z-1-001\Custurd Apple Images\siddharth\166\siddharth2_1_middle_flower_1762073331030.jpeg,siddharth2_1_middle_flower_1762073331030.jpeg,siddharth2,1,middle,flower,1.76207E+12,02-11-2025 14:18,,,,,,Pattern 1 (5 parts)
siddharth,C:\Users\Ruchit\Desktop\Code\2025\eIPL\Dataset\Custurd Apple Images-20251105T045712Z-1-001\Custurd Apple Images\siddharth\166\siddharth2_1_middle_flower_1762073376436.jpeg,siddharth2_1_middle_flower_1762073376436.jpeg,siddharth2,1,middle,flower,1.76207E+12,02-11-2025 14:19,,,,,,Pattern 1 (5 parts)
siddharth,C:\Users\Ruchit\Desktop\Code\2025\eIPL\Dataset\Custurd Apple Images-20251105T045712Z-1-001\Custurd Apple Images\siddharth\166\siddharth2_1_middle_flower_1762073428812.jpeg,siddharth2_1_middle_flower_1762073428812.jpeg,siddharth2,1,middle,flower,1.76207E+12,02-11-2025 14:20,,,,,,Pattern 1 (5 parts)
siddharth,C:\Users\Ruchit\Desktop\Code\2025\eIPL\Dataset\Custurd Apple Images-20251105T045712Z-1-001\Custurd Apple Images\siddharth\166\siddharth2_1_middle_flower_1762073476254.jpeg,siddharth2_1_middle_flower_1762073476254.jpeg,siddharth2,1,middle,flower,1.76207E+12,02-11-2025 14:21,,,,,,Pattern 1 (5 parts)
siddharth,C:\Users\Ruchit\Desktop\Code\2025\eIPL\Dataset\Custurd Apple Images-20251105T045712Z-1-001\Custurd Apple Images\siddharth\166\siddharth2_1_middle_flower_1762073606141.jpeg,siddharth2_1_middle_flower_1762073606141.jpeg,siddharth2,1,middle,flower,1.76207E+12,02-11-2025 14:23,,,,,,Pattern 1 (5 parts)
siddharth,C:\Users\Ruchit\Desktop\Code\2025\eIPL\Dataset\Custurd Apple Images-20251105T045712Z-1-001\Custurd Apple Images\siddharth\166\siddharth2_1_middle_flower_1762073632490.jpeg,siddharth2_1_middle_flower_1762073632490.jpeg,siddharth2,1,middle,flower,1.76207E+12,02-11-2025 14:23,,,,,,Pattern 1 (5 parts)
siddharth,C:\Users\Ruchit\Desktop\Code\2025\eIPL\Dataset\Custurd Apple Images-20251105T045712Z-1-001\Custurd Apple Images\siddharth\166\siddharth2_1_middle_flower_1762073689661.jpeg,siddharth2_1_middle_flower_1762073689661.jpeg,siddharth2,1,middle,flower,1.76207E+12,02-11-2025 14:24,,,,,,Pattern 1 (5 parts)
siddharth,C:\Users\Ruchit\Desktop\Code\2025\eIPL\Dataset\Custurd Apple Images-20251105T045712Z-1-001\Custurd Apple Images\siddharth\166\siddharth2_1_middle_flower_1762073715102.jpeg,siddharth2_1_middle_flower_1762073715102.jpeg,siddharth2,1,middle,flower,1.76207E+12,02-11-2025 14:25,,,,,,Pattern 1 (5 parts)
siddharth,C:\Users\Ruchit\Desktop\Code\2025\eIPL\Dataset\Custurd Apple Images-20251105T045712Z-1-001\Custurd Apple Images\siddharth\166\siddharth2_1_middle_flower_1762073747558.jpeg,siddharth2_1_middle_flower_1762073747558.jpeg,siddharth2,1,middle,flower,1.76207E+12,02-11-2025 14:25,,,,,,Pattern 1 (5 parts)
siddharth,C:\Users\Ruchit\Desktop\Code\2025\eIPL\Dataset\Custurd Apple Images-20251105T045712Z-1-001\Custurd Apple Images\siddharth\166\siddharth2_1_middle_flower_1762073781454.jpeg,siddharth2_1_middle_flower_1762073781454.jpeg,siddharth2,1,middle,flower,1.76207E+12,02-11-2025 14:26,,,,,,Pattern 1 (5 parts)
siddharth,C:\Users\Ruchit\Desktop\Code\2025\eIPL\Dataset\Custurd Apple Images-20251105T045712Z-1-001\Custurd Apple Images\siddharth\166\siddharth2_1_middle_flower_1762073868793.jpeg,siddharth2_1_middle_flower_1762073868793.jpeg,siddharth2,1,middle,flower,1.76207E+12,02-11-2025 14:27,,,,,,Pattern 1 (5 parts)
siddharth,C:\Users\Ruchit\Desktop\Code\2025\eIPL\Dataset\Custurd Apple Images-20251105T045712Z-1-001\Custurd Apple Images\siddharth\166\siddharth2_1_middle_flower_1762073974625.jpeg,siddharth2_1_middle_flower_1762073974625.jpeg,siddharth2,1,middle,flower,1.76207E+12,02-11-2025 14:29,,,,,,Pattern 1 (5 parts)
siddharth,C:\Users\Ruchit\Desktop\Code\2025\eIPL\Dataset\Custurd Apple Images-20251105T045712Z-1-001\Custurd Apple Images\siddharth\166\siddharth2_1_middle_flower_1762074071256.jpeg,siddharth2_1_middle_flower_1762074071256.jpeg,siddharth2,1,middle,flower,1.76207E+12,02-11-2025 14:31,,,,,,Pattern 1 (5 parts)
siddharth,C:\Users\Ruchit\Desktop\Code\2025\eIPL\Dataset\Custurd Apple Images-20251105T045712Z-1-001\Custurd Apple Images\siddharth\166\siddharth2_1_middle_flower_1762074095490.jpeg,siddharth2_1_middle_flower_1762074095490.jpeg,siddharth2,1,middle,flower,1.76207E+12,02-11-2025 14:31,,,,,,Pattern 1 (5 parts)
siddharth,C:\Users\Ruchit\Desktop\Code\2025\eIPL\Dataset\Custurd Apple Images-20251105T045712Z-1-001\Custurd Apple Images\siddharth\166\siddharth2_1_middle_flower_1762074144151.jpeg,siddharth2_1_middle_flower_1762074144151.jpeg,siddharth2,1,middle,flower,1.76207E+12,02-11-2025 14:32,,,,,,Pattern 1 (5 parts)
siddharth,C:\Users\Ruchit\Desktop\Code\2025\eIPL\Dataset\Custurd Apple Images-20251105T045712Z-1-001\Custurd Apple Images\siddharth\166\siddharth2_1_middle_flower_1762074240512.jpeg,siddharth2_1_middle_flower_1762074240512.jpeg,siddharth2,1,middle,flower,1.76207E+12,02-11-2025 14:34,,,,,,Pattern 1 (5 parts)
siddharth,C:\Users\Ruchit\Desktop\Code\2025\eIPL\Dataset\Custurd Apple Images-20251105T045712Z-1-001\Custurd Apple Images\siddharth\166\siddharth2_1_middle_flower_1762074285385.jpeg,siddharth2_1_middle_flower_1762074285385.jpeg,siddharth2,1,middle,flower,1.76207E+12,02-11-2025 14:34,,,,,,Pattern 1 (5 parts)
siddharth,C:\Users\Ruchit\Desktop\Code\2025\eIPL\Dataset\Custurd Apple Images-20251105T045712Z-1-001\Custurd Apple Images\siddharth\166\siddharth2_1_middle_flower_1762074446334.jpeg,siddharth2_1_middle_flower_1762074446334.jpeg,siddharth2,1,middle,flower,1.76207E+12,02-11-2025 14:37,,,,,,Pattern 1 (5 parts)
siddharth,C:\Users\Ruchit\Desktop\Code\2025\eIPL\Dataset\Custurd Apple Images-20251105T045712Z-1-001\Custurd Apple Images\siddharth\166\siddharth2_1_middle_flower_1762074549213.jpeg,siddharth2_1_middle_flower_1762074549213.jpeg,siddharth2,1,middle,flower,1.76207E+12,02-11-2025 14:39,,,,,,Pattern 1 (5 parts)
siddharth,C:\Users\Ruchit\Desktop\Code\2025\eIPL\Dataset\Custurd Apple Images-20251105T045712Z-1-001\Custurd Apple Images\siddharth\166\siddharth2_1_middle_flower_1762074600124.jpeg,siddharth2_1_middle_flower_1762074600124.jpeg,siddharth2,1,middle,flower,1.76207E+12,02-11-2025 14:40,,,,,,Pattern 1 (5 parts)
siddharth,C:\Users\Ruchit\Desktop\Code\2025\eIPL\Dataset\Custurd Apple Images-20251105T045712Z-1-001\Custurd Apple Images\siddharth\166\siddharth2_1_middle_flower_1762074628508.jpeg,siddharth2_1_middle_flower_1762074628508.jpeg,siddharth2,1,middle,flower,1.76207E+12,02-11-2025 14:40,,,,,,Pattern 1 (5 parts)
siddharth,C:\Users\Ruchit\Desktop\Code\2025\eIPL\Dataset\Custurd Apple Images-20251105T045712Z-1-001\Custurd Apple Images\siddharth\166\siddharth2_1_middle_flower_1762074793780.jpeg,siddharth2_1_middle_flower_1762074793780.jpeg,siddharth2,1,middle,flower,1.76207E+12,02-11-2025 14:43,,,,,,Pattern 1 (5 parts)
siddharth,C:\Users\Ruchit\Desktop\Code\2025\eIPL\Dataset\Custurd Apple Images-20251105T045712Z-1-001\Custurd Apple Images\siddharth\166\siddharth2_1_middle_flower_1762074963218.jpeg,siddharth2_1_middle_flower_1762074963218.jpeg,siddharth2,1,middle,flower,1.76207E+12,02-11-2025 14:46,,,,,,Pattern 1 (5 parts)
siddharth,C:\Users\Ruchit\Desktop\Code\2025\eIPL\Dataset\Custurd Apple Images-20251105T045712Z-1-001\Custurd Apple Images\siddharth\166\siddharth2_1_middle_leaf_1762072529931.jpeg,siddharth2_1_middle_leaf_1762072529931.jpeg,siddharth2,1,middle,leaf,1.76207E+12,02-11-2025 14:05,,,,,,Pattern 1 (5 parts)
siddharth,C:\Users\Ruchit\Desktop\Code\2025\eIPL\Dataset\Custurd Apple Images-20251105T045712Z-1-001\Custurd Apple Images\siddharth\166\siddharth2_1_middle_leaf_1762072571997.jpeg,siddharth2_1_middle_leaf_1762072571997.jpeg,siddharth2,1,middle,leaf,1.76207E+12,02-11-2025 14:06,,,,,,Pattern 1 (5 parts)
siddharth,C:\Users\Ruchit\Desktop\Code\2025\eIPL\Dataset\Custurd Apple Images-20251105T045712Z-1-001\Custurd Apple Images\siddharth\166\siddharth2_1_middle_leaf_1762072668264.jpeg,siddharth2_1_middle_leaf_1762072668264.jpeg,siddharth2,1,middle,leaf,1.76207E+12,02-11-2025 14:07,,,,,,Pattern 1 (5 parts)
siddharth,C:\Users\Ruchit\Desktop\Code\2025\eIPL\Dataset\Custurd Apple Images-20251105T045712Z-1-001\Custurd Apple Images\siddharth\166\siddharth2_1_middle_leaf_1762072967151.jpeg,siddharth2_1_middle_leaf_1762072967151.jpeg,siddharth2,1,middle,leaf,1.76207E+12,02-11-2025 14:12,,,,,,Pattern 1 (5 parts)
siddharth,C:\Users\Ruchit\Desktop\Code\2025\eIPL\Dataset\Custurd Apple Images-20251105T045712Z-1-001\Custurd Apple Images\siddharth\166\siddharth2_1_middle_leaf_1762072984187.jpeg,siddharth2_1_middle_leaf_1762072984187.jpeg,siddharth2,1,middle,leaf,1.76207E+12,02-11-2025 14:13,,,,,,Pattern 1 (5 parts)
siddharth,C:\Users\Ruchit\Desktop\Code\2025\eIPL\Dataset\Custurd Apple Images-20251105T045712Z-1-001\Custurd Apple Images\siddharth\166\siddharth2_1_middle_leaf_1762073214411.jpeg,siddharth2_1_middle_leaf_1762073214411.jpeg,siddharth2,1,middle,leaf,1.76207E+12,02-11-2025 14:16,,,,,,Pattern 1 (5 parts)
siddharth,C:\Users\Ruchit\Desktop\Code\2025\eIPL\Dataset\Custurd Apple Images-20251105T045712Z-1-001\Custurd Apple Images\siddharth\166\siddharth2_1_middle_leaf_1762073266768.jpeg,siddharth2_1_middle_leaf_1762073266768.jpeg,siddharth2,1,middle,leaf,1.76207E+12,02-11-2025 14:17,,,,,,Pattern 1 (5 parts)
siddharth,C:\Users\Ruchit\Desktop\Code\2025\eIPL\Dataset\Custurd Apple Images-20251105T045712Z-1-001\Custurd Apple Images\siddharth\166\siddharth2_1_middle_leaf_1762073524094.jpeg,siddharth2_1_middle_leaf_1762073524094.jpeg,siddharth2,1,middle,leaf,1.76207E+12,02-11-2025 14:22,,,,,,Pattern 1 (5 parts)
siddharth,C:\Users\Ruchit\Desktop\Code\2025\eIPL\Dataset\Custurd Apple Images-20251105T045712Z-1-001\Custurd Apple Images\siddharth\166\siddharth2_1_middle_leaf_1762074039175.jpeg,siddharth2_1_middle_leaf_1762074039175.jpeg,siddharth2,1,middle,leaf,1.76207E+12,02-11-2025 14:30,,,,,,Pattern 1 (5 parts)
siddharth,C:\Users\Ruchit\Desktop\Code\2025\eIPL\Dataset\Custurd Apple Images-20251105T045712Z-1-001\Custurd Apple Images\siddharth\166\siddharth2_1_middle_leaf_1762074311814.jpeg,siddharth2_1_middle_leaf_1762074311814.jpeg,siddharth2,1,middle,leaf,1.76207E+12,02-11-2025 14:35,,,,,,Pattern 1 (5 parts)
siddharth,C:\Users\Ruchit\Desktop\Code\2025\eIPL\Dataset\Custurd Apple Images-20251105T045712Z-1-001\Custurd Apple Images\siddharth\166\siddharth2_1_middle_leaf_1762074332305.jpeg,siddharth2_1_middle_leaf_1762074332305.jpeg,siddharth2,1,middle,leaf,1.76207E+12,02-11-2025 14:35,,,,,,Pattern 1 (5 parts)
siddharth,C:\Users\Ruchit\Desktop\Code\2025\eIPL\Dataset\Custurd Apple Images-20251105T045712Z-1-001\Custurd Apple Images\siddharth\166\siddharth2_1_middle_leaf_1762074515120.jpeg,siddharth2_1_middle_leaf_1762074515120.jpeg,siddharth2,1,middle,leaf,1.76207E+12,02-11-2025 14:38,,,,,,Pattern 1 (5 parts)
siddharth,C:\Users\Ruchit\Desktop\Code\2025\eIPL\Dataset\Custurd Apple Images-20251105T045712Z-1-001\Custurd Apple Images\siddharth\166\siddharth2_1_middle_leaf_1762075001614.jpeg,siddharth2_1_middle_leaf_1762075001614.jpeg,siddharth2,1,middle,leaf,1.76208E+12,02-11-2025 14:46,,,,,,Pattern 1 (5 parts)
siddharth,C:\Users\Ruchit\Desktop\Code\2025\eIPL\Dataset\Custurd Apple Images-20251105T045712Z-1-001\Custurd Apple Images\siddharth\166\siddharth2_1_upper_flower_1762074470503.jpeg,siddharth2_1_upper_flower_1762074470503.jpeg,siddharth2,1,upper,flower,1.76207E+12,02-11-2025 14:37,,,,,,Pattern 1 (5 parts)
siddharth,C:\Users\Ruchit\Desktop\Code\2025\eIPL\Dataset\Custurd Apple Images-20251105T045712Z-1-001\Custurd Apple Images\siddharth\166\siddharth2_1_upper_flower_1762074491418.jpeg,siddharth2_1_upper_flower_1762074491418.jpeg,siddharth2,1,upper,flower,1.76207E+12,02-11-2025 14:38,,,,,,Pattern 1 (5 parts)
siddharth,C:\Users\Ruchit\Desktop\Code\2025\eIPL\Dataset\Custurd Apple Images-20251105T045712Z-1-001\Custurd Apple Images\siddharth\166\siddharth2_1_upper_flower_1762074651063.jpeg,siddharth2_1_upper_flower_1762074651063.jpeg,siddharth2,1,upper,flower,1.76207E+12,02-11-2025 14:40,,,,,,Pattern 1 (5 parts)
siddharth,C:\Users\Ruchit\Desktop\Code\2025\eIPL\Dataset\Custurd Apple Images-20251105T045712Z-1-001\Custurd Apple Images\siddharth\166\siddharth2_1_upper_flower_1762074687319.jpeg,siddharth2_1_upper_flower_1762074687319.jpeg,siddharth2,1,upper,flower,1.76207E+12,02-11-2025 14:41,,,,,,Pattern 1 (5 parts)
siddharth,C:\Users\Ruchit\Desktop\Code\2025\eIPL\Dataset\Custurd Apple Images-20251105T045712Z-1-001\Custurd Apple Images\siddharth\166\siddharth2_1_upper_flower_1762074730174.jpeg,siddharth2_1_upper_flower_1762074730174.jpeg,siddharth2,1,upper,flower,1.76207E+12,02-11-2025 14:42,,,,,,Pattern 1 (5 parts)
siddharth,C:\Users\Ruchit\Desktop\Code\2025\eIPL\Dataset\Custurd Apple Images-20251105T045712Z-1-001\Custurd Apple Images\siddharth\166\siddharth2_1_upper_flower_1762074869330.jpeg,siddharth2_1_upper_flower_1762074869330.jpeg,siddharth2,1,upper,flower,1.76207E+12,02-11-2025 14:44,,,,,,Pattern 1 (5 parts)
siddharth,C:\Users\Ruchit\Desktop\Code\2025\eIPL\Dataset\Custurd Apple Images-20251105T045712Z-1-001\Custurd Apple Images\siddharth\166\siddharth2_1_upper_flower_1762074888142.jpeg,siddharth2_1_upper_flower_1762074888142.jpeg,siddharth2,1,upper,flower,1.76207E+12,02-11-2025 14:44,,,,,,Pattern 1 (5 parts)
siddharth,C:\Users\Ruchit\Desktop\Code\2025\eIPL\Dataset\Custurd Apple Images-20251105T045712Z-1-001\Custurd Apple Images\siddharth\166\siddharth2_1_upper_leaf_1762072716449.jpeg,siddharth2_1_upper_leaf_1762072716449.jpeg,siddharth2,1,upper,leaf,1.76207E+12,02-11-2025 14:08,,,,,,Pattern 1 (5 parts)
siddharth,C:\Users\Ruchit\Desktop\Code\2025\eIPL\Dataset\Custurd Apple Images-20251105T045712Z-1-001\Custurd Apple Images\siddharth\166\siddharth2_1_upper_leaf_1762072737758.jpeg,siddharth2_1_upper_leaf_1762072737758.jpeg,siddharth2,1,upper,leaf,1.76207E+12,02-11-2025 14:08,,,,,,Pattern 1 (5 parts)
siddharth,C:\Users\Ruchit\Desktop\Code\2025\eIPL\Dataset\Custurd Apple Images-20251105T045712Z-1-001\Custurd Apple Images\siddharth\166\siddharth2_1_upper_leaf_1762074367101.jpeg,siddharth2_1_upper_leaf_1762074367101.jpeg,siddharth2,1,upper,leaf,1.76207E+12,02-11-2025 14:36,,,,,,Pattern 1 (5 parts)
siddharth,C:\Users\Ruchit\Desktop\Code\2025\eIPL\Dataset\Custurd Apple Images-20251105T045712Z-1-001\Custurd Apple Images\siddharth\166\siddharth2_2_lower_flower_1762071784571.jpeg,siddharth2_2_lower_flower_1762071784571.jpeg,siddharth2,2,lower,flower,1.76207E+12,02-11-2025 13:53,,,,,,Pattern 1 (5 parts)
siddharth,C:\Users\Ruchit\Desktop\Code\2025\eIPL\Dataset\Custurd Apple Images-20251105T045712Z-1-001\Custurd Apple Images\siddharth\166\siddharth2_2_lower_flower_1762071830329.jpeg,siddharth2_2_lower_flower_1762071830329.jpeg,siddharth2,2,lower,flower,1.76207E+12,02-11-2025 13:53,,,,,,Pattern 1 (5 parts)
siddharth,C:\Users\Ruchit\Desktop\Code\2025\eIPL\Dataset\Custurd Apple Images-20251105T045712Z-1-001\Custurd Apple Images\siddharth\166\siddharth2_2_lower_flower_1762071994411.jpeg,siddharth2_2_lower_flower_1762071994411.jpeg,siddharth2,2,lower,flower,1.76207E+12,02-11-2025 13:56,,,,,,Pattern 1 (5 parts)
siddharth,C:\Users\Ruchit\Desktop\Code\2025\eIPL\Dataset\Custurd Apple Images-20251105T045712Z-1-001\Custurd Apple Images\siddharth\166\siddharth2_2_lower_leaf_1762070127137.jpeg,siddharth2_2_lower_leaf_1762070127137.jpeg,siddharth2,2,lower,leaf,1.76207E+12,02-11-2025 13:25,,,,,,Pattern 1 (5 parts)
siddharth,C:\Users\Ruchit\Desktop\Code\2025\eIPL\Dataset\Custurd Apple Images-20251105T045712Z-1-001\Custurd Apple Images\siddharth\166\siddharth2_2_lower_leaf_1762070791507.jpeg,siddharth2_2_lower_leaf_1762070791507.jpeg,siddharth2,2,lower,leaf,1.76207E+12,02-11-2025 13:36,,,,,,Pattern 1 (5 parts)
siddharth,C:\Users\Ruchit\Desktop\Code\2025\eIPL\Dataset\Custurd Apple Images-20251105T045712Z-1-001\Custurd Apple Images\siddharth\166\siddharth2_2_lower_leaf_1762070821009.jpeg,siddharth2_2_lower_leaf_1762070821009.jpeg,siddharth2,2,lower,leaf,1.76207E+12,02-11-2025 13:37,,,,,,Pattern 1 (5 parts)
siddharth,C:\Users\Ruchit\Desktop\Code\2025\eIPL\Dataset\Custurd Apple Images-20251105T045712Z-1-001\Custurd Apple Images\siddharth\166\siddharth2_2_lower_leaf_1762071494156.jpeg,siddharth2_2_lower_leaf_1762071494156.jpeg,siddharth2,2,lower,leaf,1.76207E+12,02-11-2025 13:48,,,,,,Pattern 1 (5 parts)
siddharth,C:\Users\Ruchit\Desktop\Code\2025\eIPL\Dataset\Custurd Apple Images-20251105T045712Z-1-001\Custurd Apple Images\siddharth\166\siddharth2_2_lower_leaf_1762071524584.jpeg,siddharth2_2_lower_leaf_1762071524584.jpeg,siddharth2,2,lower,leaf,1.76207E+12,02-11-2025 13:48,,,,,,Pattern 1 (5 parts)
siddharth,C:\Users\Ruchit\Desktop\Code\2025\eIPL\Dataset\Custurd Apple Images-20251105T045712Z-1-001\Custurd Apple Images\siddharth\166\siddharth2_2_lower_leaf_1762071553721.jpeg,siddharth2_2_lower_leaf_1762071553721.jpeg,siddharth2,2,lower,leaf,1.76207E+12,02-11-2025 13:49,,,,,,Pattern 1 (5 parts)
siddharth,C:\Users\Ruchit\Desktop\Code\2025\eIPL\Dataset\Custurd Apple Images-20251105T045712Z-1-001\Custurd Apple Images\siddharth\166\siddharth2_2_lower_leaf_1762071755677.jpeg,siddharth2_2_lower_leaf_1762071755677.jpeg,siddharth2,2,lower,leaf,1.76207E+12,02-11-2025 13:52,,,,,,Pattern 1 (5 parts)
siddharth,C:\Users\Ruchit\Desktop\Code\2025\eIPL\Dataset\Custurd Apple Images-20251105T045712Z-1-001\Custurd Apple Images\siddharth\166\siddharth2_2_middle_flower_1762068945922.jpeg,siddharth2_2_middle_flower_1762068945922.jpeg,siddharth2,2,middle,flower,1.76207E+12,02-11-2025 13:05,,,,,,Pattern 1 (5 parts)
siddharth,C:\Users\Ruchit\Desktop\Code\2025\eIPL\Dataset\Custurd Apple Images-20251105T045712Z-1-001\Custurd Apple Images\siddharth\166\siddharth2_2_middle_flower_1762069225370.jpeg,siddharth2_2_middle_flower_1762069225370.jpeg,siddharth2,2,middle,flower,1.76207E+12,02-11-2025 13:10,,,,,,Pattern 1 (5 parts)
siddharth,C:\Users\Ruchit\Desktop\Code\2025\eIPL\Dataset\Custurd Apple Images-20251105T045712Z-1-001\Custurd Apple Images\siddharth\166\siddharth2_2_middle_flower_1762069288798.jpeg,siddharth2_2_middle_flower_1762069288798.jpeg,siddharth2,2,middle,flower,1.76207E+12,02-11-2025 13:11,,,,,,Pattern 1 (5 parts)
siddharth,C:\Users\Ruchit\Desktop\Code\2025\eIPL\Dataset\Custurd Apple Images-20251105T045712Z-1-001\Custurd Apple Images\siddharth\166\siddharth2_2_middle_flower_1762069314876.jpeg,siddharth2_2_middle_flower_1762069314876.jpeg,siddharth2,2,middle,flower,1.76207E+12,02-11-2025 13:11,,,,,,Pattern 1 (5 parts)
siddharth,C:\Users\Ruchit\Desktop\Code\2025\eIPL\Dataset\Custurd Apple Images-20251105T045712Z-1-001\Custurd Apple Images\siddharth\166\siddharth2_2_middle_flower_1762069467424.jpeg,siddharth2_2_middle_flower_1762069467424.jpeg,siddharth2,2,middle,flower,1.76207E+12,02-11-2025 13:14,,,,,,Pattern 1 (5 parts)
siddharth,C:\Users\Ruchit\Desktop\Code\2025\eIPL\Dataset\Custurd Apple Images-20251105T045712Z-1-001\Custurd Apple Images\siddharth\166\siddharth2_2_middle_flower_1762069501166.jpeg,siddharth2_2_middle_flower_1762069501166.jpeg,siddharth2,2,middle,flower,1.76207E+12,02-11-2025 13:15,,,,,,Pattern 1 (5 parts)
siddharth,C:\Users\Ruchit\Desktop\Code\2025\eIPL\Dataset\Custurd Apple Images-20251105T045712Z-1-001\Custurd Apple Images\siddharth\166\siddharth2_2_middle_flower_1762070275470.jpeg,siddharth2_2_middle_flower_1762070275470.jpeg,siddharth2,2,middle,flower,1.76207E+12,02-11-2025 13:27,,,,,,Pattern 1 (5 parts)
siddharth,C:\Users\Ruchit\Desktop\Code\2025\eIPL\Dataset\Custurd Apple Images-20251105T045712Z-1-001\Custurd Apple Images\siddharth\166\siddharth2_2_middle_flower_1762070313605.jpeg,siddharth2_2_middle_flower_1762070313605.jpeg,siddharth2,2,middle,flower,1.76207E+12,02-11-2025 13:28,,,,,,Pattern 1 (5 parts)
siddharth,C:\Users\Ruchit\Desktop\Code\2025\eIPL\Dataset\Custurd Apple Images-20251105T045712Z-1-001\Custurd Apple Images\siddharth\166\siddharth2_2_middle_flower_1762070526120.jpeg,siddharth2_2_middle_flower_1762070526120.jpeg,siddharth2,2,middle,flower,1.76207E+12,02-11-2025 13:32,,,,,,Pattern 1 (5 parts)
siddharth,C:\Users\Ruchit\Desktop\Code\2025\eIPL\Dataset\Custurd Apple Images-20251105T045712Z-1-001\Custurd Apple Images\siddharth\166\siddharth2_2_middle_flower_1762070630350.jpeg,siddharth2_2_middle_flower_1762070630350.jpeg,siddharth2,2,middle,flower,1.76207E+12,02-11-2025 13:33,,,,,,Pattern 1 (5 parts)
siddharth,C:\Users\Ruchit\Desktop\Code\2025\eIPL\Dataset\Custurd Apple Images-20251105T045712Z-1-001\Custurd Apple Images\siddharth\166\siddharth2_2_middle_flower_1762070852355.jpeg,siddharth2_2_middle_flower_1762070852355.jpeg,siddharth2,2,middle,flower,1.76207E+12,02-11-2025 13:37,,,,,,Pattern 1 (5 parts)
siddharth,C:\Users\Ruchit\Desktop\Code\2025\eIPL\Dataset\Custurd Apple Images-20251105T045712Z-1-001\Custurd Apple Images\siddharth\166\siddharth2_2_middle_flower_1762070889319.jpeg,siddharth2_2_middle_flower_1762070889319.jpeg,siddharth2,2,middle,flower,1.76207E+12,02-11-2025 13:38,,,,,,Pattern 1 (5 parts)
siddharth,C:\Users\Ruchit\Desktop\Code\2025\eIPL\Dataset\Custurd Apple Images-20251105T045712Z-1-001\Custurd Apple Images\siddharth\166\siddharth2_2_middle_flower_1762070943846.jpeg,siddharth2_2_middle_flower_1762070943846.jpeg,siddharth2,2,middle,flower,1.76207E+12,02-11-2025 13:39,,,,,,Pattern 1 (5 parts)
siddharth,C:\Users\Ruchit\Desktop\Code\2025\eIPL\Dataset\Custurd Apple Images-20251105T045712Z-1-001\Custurd Apple Images\siddharth\166\siddharth2_2_middle_flower_1762071182199.jpeg,siddharth2_2_middle_flower_1762071182199.jpeg,siddharth2,2,middle,flower,1.76207E+12,02-11-2025 13:43,,,,,,Pattern 1 (5 parts)
siddharth,C:\Users\Ruchit\Desktop\Code\2025\eIPL\Dataset\Custurd Apple Images-20251105T045712Z-1-001\Custurd Apple Images\siddharth\166\siddharth2_2_middle_leaf_1762070364264.jpeg,siddharth2_2_middle_leaf_1762070364264.jpeg,siddharth2,2,middle,leaf,1.76207E+12,02-11-2025 13:29,,,,,,Pattern 1 (5 parts)
siddharth,C:\Users\Ruchit\Desktop\Code\2025\eIPL\Dataset\Custurd Apple Images-20251105T045712Z-1-001\Custurd Apple Images\siddharth\166\siddharth2_2_middle_leaf_1762070417446.jpeg,siddharth2_2_middle_leaf_1762070417446.jpeg,siddharth2,2,middle,leaf,1.76207E+12,02-11-2025 13:30,,,,,,Pattern 1 (5 parts)
siddharth,C:\Users\Ruchit\Desktop\Code\2025\eIPL\Dataset\Custurd Apple Images-20251105T045712Z-1-001\Custurd Apple Images\siddharth\166\siddharth2_2_middle_leaf_1762070470277.jpeg,siddharth2_2_middle_leaf_1762070470277.jpeg,siddharth2,2,middle,leaf,1.76207E+12,02-11-2025 13:31,,,,,,Pattern 1 (5 parts)
siddharth,C:\Users\Ruchit\Desktop\Code\2025\eIPL\Dataset\Custurd Apple Images-20251105T045712Z-1-001\Custurd Apple Images\siddharth\166\siddharth2_2_middle_leaf_1762071242122.jpeg,siddharth2_2_middle_leaf_1762071242122.jpeg,siddharth2,2,middle,leaf,1.76207E+12,02-11-2025 13:44,,,,,,Pattern 1 (5 parts)
siddharth,C:\Users\Ruchit\Desktop\Code\2025\eIPL\Dataset\Custurd Apple Images-20251105T045712Z-1-001\Custurd Apple Images\siddharth\166\siddharth2_2_middle_leaf_1762071263369.jpeg,siddharth2_2_middle_leaf_1762071263369.jpeg,siddharth2,2,middle,leaf,1.76207E+12,02-11-2025 13:44,,,,,,Pattern 1 (5 parts)
siddharth,C:\Users\Ruchit\Desktop\Code\2025\eIPL\Dataset\Custurd Apple Images-20251105T045712Z-1-001\Custurd Apple Images\siddharth\166\siddharth2_2_upper_flower_1762070655181.jpeg,siddharth2_2_upper_flower_1762070655181.jpeg,siddharth2,2,upper,flower,1.76207E+12,02-11-2025 13:34,,,,,,Pattern 1 (5 parts)
siddharth,C:\Users\Ruchit\Desktop\Code\2025\eIPL\Dataset\Custurd Apple Images-20251105T045712Z-1-001\Custurd Apple Images\siddharth\166\siddharth2_2_upper_flower_1762070702980.jpeg,siddharth2_2_upper_flower_1762070702980.jpeg,siddharth2,2,upper,flower,1.76207E+12,02-11-2025 13:35,,,,,,Pattern 1 (5 parts)
siddharth,C:\Users\Ruchit\Desktop\Code\2025\eIPL\Dataset\Custurd Apple Images-20251105T045712Z-1-001\Custurd Apple Images\siddharth\166\siddharth2_2_upper_leaf_1762068753403.jpeg,siddharth2_2_upper_leaf_1762068753403.jpeg,siddharth2,2,upper,leaf,1.76207E+12,02-11-2025 13:02,,,,,,Pattern 1 (5 parts)
siddharth,C:\Users\Ruchit\Desktop\Code\2025\eIPL\Dataset\Custurd Apple Images-20251105T045712Z-1-001\Custurd Apple Images\siddharth\166\siddharth2_2_upper_leaf_1762069078594.jpeg,siddharth2_2_upper_leaf_1762069078594.jpeg,siddharth2,2,upper,leaf,1.76207E+12,02-11-2025 13:07,,,,,,Pattern 1 (5 parts)
siddharth,C:\Users\Ruchit\Desktop\Code\2025\eIPL\Dataset\Custurd Apple Images-20251105T045712Z-1-001\Custurd Apple Images\siddharth\166\siddharth2_2_upper_leaf_1762069123470.jpeg,siddharth2_2_upper_leaf_1762069123470.jpeg,siddharth2,2,upper,leaf,1.76207E+12,02-11-2025 13:08,,,,,,Pattern 1 (5 parts)
siddharth,C:\Users\Ruchit\Desktop\Code\2025\eIPL\Dataset\Custurd Apple Images-20251105T045712Z-1-001\Custurd Apple Images\siddharth\166\siddharth2_2_upper_leaf_1762070752959.jpeg,siddharth2_2_upper_leaf_1762070752959.jpeg,siddharth2,2,upper,leaf,1.76207E+12,02-11-2025 13:35,,,,,,Pattern 1 (5 parts)
